625,CAF213,493799.5591,5180830.549,Thatuna,2R,117,135,1.71,5.96,5
2,CAF003,493383.1071,5180586.081,Naff,A,21,39,1.37,5.9,2
7,CAF005,493446.9111,5180572.12,Palouse,A,17,42,1.33,5.73,2
12,CAF007,493510.7264,5180568.273,Palouse,A,26,66,1.27,6.16,2
17,CAF009,493574.5508,5180572.871,Palouse,A,20,47,1.4,5.64,2
22,CAF011,493638.3683,5180571.025,Palouse,A,24,44,1.37,5.95,2
27,CAF013,493702.2,5180582.737,Naff,A,20,48,1.5,5.47,2
32,CAF015,493797.9223,5180576.303,Latah,A,13,40,1.31,5.74,2
43,CAF019,493246.5977,5180590.191,Latah,A,24,48,1.56,5.75,2
50,CAF021,493309.2174,5180591.83,Staley,A,13,25,1.45,5.21,2
56,CAF023,493371.4556,5180609.627,Palouse,A,13,37,1.46,,2
99,CAF037,493819.788,5180608.062,Latah,A,14,26.5,1.5,5.9,2
106,CAF039,493883.6204,5180621.22,Latah,A,17,38,1.53,6.67,2
112,CAF041,493947.432,5180613.932,Palouse,A,11,27,1.23,5.04,2
147,CAF053,493577.0617,5180636.431,Palouse,A,16,39,1.04,5.63,2
153,CAF055,493640.8785,5180634.585,Palouse,A,17,46,1.32,5.95,2
163,CAF059,493770.7974,5180636.942,Palouse,A,17,38,1.22,5.33,2
169,CAF061,493832.3237,5180623.828,Naff,A,15,32,1.41,5.85,2
177,CAF063,493896.169,5180649.766,Naff,A,15,41,1.19,5.43,2
183,CAF065,493959.9746,5180636.922,Thatuna,A,16,33,1.21,5.92,2
203,CAF071,493360.3768,5180672.003,Staley,A,13,24,1.52,5.5,2
209,CAF073,493421.8027,5180680.044,Staley,A,10,25,1.35,,2
223,CAF077,493551.8335,5180673.461,Palouse,A,18,35,1.17,5.56,2
236,CAF081,493679.4708,5180673.992,Thatuna,A,10,34,1.21,5.15,2
248,CAF085,493807.105,5180671.637,Palouse,A,12,31,1.32,5.19,2
254,CAF087,493870.9368,5180684.795,Naff,A,15,46,1.35,5.37,2
278,CAF095,493276.7264,5180689.078,Latah,A,10,31,1.53,4.82,2
286,CAF097,493339.9564,5180706.363,Thatuna,A,12,37,1.44,5,2
293,CAF099,493403.7819,5180713.182,Staley,A,18,33,1.41,5.43,2
301,CAF101,493467.5846,5180699.222,Palouse,A,16,43,1.22,5.75,2
314,CAF105,493595.2216,5180699.973,Thatuna,A,20,43,1.32,5.74,2
321,CAF107,493659.0377,5180698.127,Thatuna,A,23,51.5,1.6,5.81,2
328,CAF109,493725.5766,5180706.699,Thatuna,A,30,68,1.27,6.15,2
334,CAF111,493786.6792,5180703.217,Naff,A,23,42,1.46,6.03,2
341,CAF113,493851.8467,5180685.551,Naff,A,17.5,45,1.35,5.86,2
347,CAF115,493915.6912,5180711.488,Naff,A,22,43,1.38,6.07,2
359,CAF119,494044.2265,5180700.47,Naff,A,20,47,1.23,5.89,2
366,CAF121,494105.7794,5180713.451,Naff,A,20,47,1.52,,2
379,CAF125,493401.0687,5180744.966,Thatuna,A,16,45,1.31,5.51,2
385,CAF127,493466.0706,5180730.206,Staley,A,26,49.5,1.31,5.93,2
390,CAF129,493528.6847,5180727.158,Thatuna,A,23,36.5,1.19,6.09,2
402,CAF133,493656.3232,5180729.911,Thatuna,A,28,49,1.37,5.45,2
420,CAF139,493847.7654,5180719.155,Naff,A,21,37,1.56,5.95,2
438,CAF145,494039.2338,5180734.075,Naff,A,14,32,1.46,5.58,2
450,CAF149,493350.8639,5180767.357,Palouse,A,16,34,1.36,4.79,2
456,CAF151,493417.8866,5180770.999,Palouse,A,15,43,1.36,5.31,2
461,CAF153,493478.5079,5180775.884,Palouse,A,18,46,1.17,,2
466,CAF155,493542.3175,5180768.814,Thatuna,A,20,49,1.49,6.11,2
482,CAF161,493733.7514,5180751.388,Thatuna,A,23,65,1.19,5.64,2
493,CAF165,493861.4158,5180780.147,Palouse,A,25,60,1.6,6.29,2
504,CAF169,493989.0354,5180765.35,Naff,A,20,56,1.41,6.18,2
526,CAF177,493431.822,5180805.16,Palouse,A,19,34,1.48,5.95,2
531,CAF179,493495.6416,5180807.646,Thatuna,A,20,34,1.24,,2
543,CAF183,493623.2698,5180802.287,Palouse,A,19,43,1.25,5.65,2
548,CAF185,493687.0856,5180801.108,Thatuna,A,18,40,1.38,5.22,2
560,CAF189,493814.7171,5180798.753,Palouse,A,13,31,1.31,5.21,2
571,CAF195,494006.1666,5180797.114,Palouse,A,17,45,1.29,5.54,2
577,CAF197,494069.9772,5180790.605,Palouse,A,23,45,1.49,6.09,2
583,CAF199,494133.7875,5180783.653,Thatuna,A,34,52,1.5,5.79,3
605,CAF207,493606.5134,5180835.683,Palouse,A,12,46,1.31,5.6,2
611,CAF209,493671.9282,5180832.905,Naff,A,20,48,1.43,5.93,2
622,CAF213,493799.5591,5180830.549,Thatuna,A,24,55,1.41,5.53,2
634,CAF217,493927.1984,5180836.419,Palouse,A,17,38,1.26,5.53,2
671,CAF231,493604.0934,5180858.868,Palouse,A,28,48,1.65,6.28,3
676,CAF233,493667.9079,5180857.023,Staley,A,24,46,1.14,6.35,2
681,CAF235,493731.7365,5180868.735,Palouse,A,20,41,1.27,5.84,2
691,CAF239,493858.4356,5180848.088,Palouse,A,14,35,1.39,4.71,2
737,CAF255,493637.0257,5180888.836,Palouse,A,17,36,1.23,5.73,2
768,CAF267,494019.9263,5180892.999,Palouse,A,12,30,1.29,5.37,2
774,CAF269,494083.7533,5180904.159,Thatuna,A,29,55,1.3,5.84,3
820,CAF287,493945.1571,5180931.744,Palouse,A,28,38,1.28,5.88,2
825,CAF289,494008.9652,5180924.235,Palouse,A,20,44,1.27,5.94,2
837,CAF293,494136.5834,5180910.774,Palouse,A,11,36,1.51,5.35,2
842,CAF298,493502.6076,5180966.544,Palouse,A,25,42,1.32,6.13,2
847,CAF300,493566.4152,5180959.474,Thatuna,A,14,34,1.22,5.56,2
852,CAF302,493631.4319,5180959.585,Palouse,A,15,37,1.2,5.7,2
873,CAF310,493885.5034,5180970.809,Thatuna,A,22,58,1.21,6.09,2
878,CAF312,493946.5799,5180965.797,Palouse,A,22,36,1.15,,2
888,CAF316,494076.9279,5180949.503,Thatuna,A,24,61,1.41,5.84,2
894,CAF324,493530.6382,5180981.404,Palouse,A,11,23,1.58,4.84,2
900,CAF326,493594.4582,5180986.002,Palouse,A,32,60,1.2,5.89,3
905,CAF328,493658.2713,5180984.157,Palouse,A,19,52,1.31,6.03,2
922,CAF334,493849.7054,5180973.401,Palouse,A,23,43,1.21,6.04,2
945,CAF351,493636.6355,5181024.739,Staley,A,13,32,1.37,5.13,2
977,CAF373,493635.3715,5181056.522,Thatuna,A,12,35,1.32,5.18,2
983,CAF375,493700.3841,5181054.144,Palouse,A,12.5,29,1.29,5.05,2
1013,CAF397,493690.2107,5181087.133,Palouse,A,9,24,1.42,,2
1020,CAF399,493754.006,5181069.176,Thatuna,A,18,38,1.29,5.29,2
1025,CAF401,493817.8362,5181084.778,Thatuna,A,12,25,1.53,5.26,2
1032,CAF419,493648.3558,5181104.302,Thatuna,A,23,43,1.3,5.31,3
1039,CAF421,493712.7748,5181114.814,Latah,A,10,42,1.33,,2
1052,CAF425,493841.5918,5181100.533,Caldwell,A,16,57,1.4,5.58,2
38,CAF017,493893.6615,5180586.206,Palouse,A1,15,33,1.37,5.13,2
80,CAF031,493628.3346,5180611.596,Palouse,A1,13,40,1.29,5.7,2
92,CAF035,493755.9527,5180592.46,Naff,A1,11,24,1.52,5.22,2
117,CAF043,493257.9566,5180626.446,Latah,A1,17,36,1.42,5.2,2
134,CAF049,493449.4233,5180635.68,Palouse,A1,24,45,1.21,6.12,2
189,CAF067,494023.7952,5180638.747,Thatuna,A1,15,32,1.27,5.13,2
196,CAF069,493296.5399,5180655.406,Thatuna,A1,17,30,1.44,4.95,2
216,CAF075,493488.0228,5180680.531,Thatuna,A1,18,31,1.23,5.56,2
229,CAF079,493615.6537,5180675.171,Thatuna,A1,10.5,35,1.19,5.11,2
242,CAF083,493743.2704,5180656.035,Palouse,A1,19,40,1.41,5.1,2
260,CAF089,493935.2029,5180676.141,Palouse,A1,13,32,1.41,5.57,2
266,CAF091,493998.5585,5180669.998,Naff,A1,22,37,1.21,6.16,2
272,CAF093,494062.3704,5180663.489,Thatuna,A1,18,34,1.31,5.46,2
307,CAF103,493531.3986,5180695.374,Thatuna,A1,14,30,1.25,5.16,2
353,CAF117,493978.1305,5180700.466,Naff,A1,21,35,1.16,5.99,2
373,CAF123,493337.2435,5180738.147,Latah,A1,18,41,1.32,4.99,2
396,CAF131,493592.5074,5180731.757,Thatuna,A1,16,30,1.23,5.54,2
408,CAF135,493720.1532,5180741.623,Palouse,A1,18,36,1.34,5.6,2
414,CAF137,493782.1431,5180736.366,Naff,A1,15,30,1.36,5.44,2
425,CAF141,493911.6096,5180745.093,Naff,A1,9,27,1.54,5.27,2
431,CAF143,493976.78,5180731.339,Naff,A1,21,42,1.44,5.79,2
488,CAF163,493797.585,5180766.989,Palouse,A1,15,34,1.29,5.15,2
498,CAF167,493925.2257,5180772.86,Palouse,A1,17,34,1.5,5.97,2
519,CAF175,493367.9983,5180799.119,Latah,A1,20,35,1.37,5.34,2
537,CAF181,493559.451,5180800.577,Thatuna,A1,15,27,1.45,5.37,2
933,CAF338,493977.9553,5180985.889,Thatuna,A1,16,21,1.41,4.95,2
939,CAF349,493572.819,5181023.029,Palouse,A1,13,34,1.39,5.18,2
955,CAF355,493764.2449,5181005.603,Palouse,A1,14,37,1.27,5.52,2
1045,CAF423,493780.1935,5181114.779,Latah,A1,10,32,1.51,5.5,2
39,CAF017,493893.6615,5180586.206,Palouse,A2,33,65,,5.95,3
81,CAF031,493628.3346,5180611.596,Palouse,A2,40,57,1.41,6.42,3
93,CAF035,493755.9527,5180592.46,Naff,A2,24,45,1.48,6.2,3
118,CAF043,493257.9566,5180626.446,Latah,A2,36,68,1.48,5.46,3
135,CAF049,493449.4233,5180635.68,Palouse,A2,45,71,1.27,6.34,3
190,CAF067,494023.7952,5180638.747,Thatuna,A2,32,59,1.3,5.71,3
197,CAF069,493296.5399,5180655.406,Thatuna,A2,30,48,1.41,5.34,3
217,CAF075,493488.0228,5180680.531,Thatuna,A2,31,54,1.09,6.22,3
230,CAF079,493615.6537,5180675.171,Thatuna,A2,35,52,1.2,6.17,3
243,CAF083,493743.2704,5180656.035,Palouse,A2,40,60,1.54,6.06,3
261,CAF089,493935.2029,5180676.141,Palouse,A2,32,48,1.33,6.2,3
267,CAF091,493998.5585,5180669.998,Naff,A2,37,55,1.29,6.61,3
273,CAF093,494062.3704,5180663.489,Thatuna,A2,34,54,1.3,5.93,3
308,CAF103,493531.3986,5180695.374,Thatuna,A2,30,59,1.18,5.18,3
354,CAF117,493978.1305,5180700.466,Naff,A2,35,61.5,1.31,6.29,3
374,CAF123,493337.2435,5180738.147,Latah,A2,41,72,1.15,5.52,3
397,CAF131,493592.5074,5180731.757,Thatuna,A2,30,57,1.25,6.05,3
409,CAF135,493720.1532,5180741.623,Palouse,A2,36,64,1.33,5.98,3
415,CAF137,493782.1431,5180736.366,Naff,A2,30,45,1.08,6.05,3
426,CAF141,493911.6096,5180745.093,Naff,A2,27,38,1.57,5.77,3
432,CAF143,493976.78,5180731.339,Naff,A2,42,61,1.55,6.09,3
489,CAF163,493797.585,5180766.989,Palouse,A2,34,72,1.24,6.04,3
499,CAF167,493925.2257,5180772.86,Palouse,A2,34,52,1.64,6.87,3
520,CAF175,493367.9983,5180799.119,Latah,A2,35,57,1.18,5.87,3
538,CAF181,493559.451,5180800.577,Thatuna,A2,27,55,1.41,5.73,3
934,CAF338,493977.9553,5180985.889,Thatuna,A2,21,60,1.32,5.52,3
940,CAF349,493572.819,5181023.029,Palouse,A2,34,68,1.31,5.97,3
956,CAF355,493764.2449,5181005.603,Palouse,A2,37,62,1.28,6.09,3
1046,CAF423,493780.1935,5181114.779,Latah,A2,32,60,1.48,5.71,3
218,CAF075,493488.0228,5180680.531,Thatuna,A3,54,72,1.32,6.44,4
3,CAF003,493383.1071,5180586.081,Naff,AB,39,65,1.52,6.25,3
14,CAF007,493510.7264,5180568.273,Palouse,Ab,84,100,1.46,6.54,4
23,CAF011,493638.3683,5180571.025,Palouse,AB,44,62,1.43,6.27,3
28,CAF013,493702.2,5180582.737,Naff,AB,48,77,1.61,6.11,3
40,CAF017,493893.6615,5180586.206,Palouse,AB,65,90,1.13,6.17,4
51,CAF021,493309.2174,5180591.83,Staley,AB,25,49,1.27,6.14,3
62,CAF025,493436.8807,5180614.469,Naff,AB,14,33,1.35,5.4,2
74,CAF029,493564.5137,5180609.886,Staley,AB,22,50,,6.15,2
86,CAF033,493692.1524,5180610.417,Staley,AB,9,21,1.44,4.76,2
94,CAF035,493755.9527,5180592.46,Naff,AB,45,70,1.52,6.35,4
96,CAF035,493755.9527,5180592.46,Naff,Ab,87,121,1.63,6.31,6
113,CAF041,493947.432,5180613.932,Palouse,AB,27,66,1.18,6.26,3
129,CAF047,493385.6199,5180649.64,Palouse,AB,20,53,1.41,,2
141,CAF051,493514.0376,5180631.032,Palouse,AB,15,46,1.31,5.64,2
148,CAF053,493577.0617,5180636.431,Palouse,AB,39,70,1.29,6.32,3
158,CAF057,493704.7095,5180646.296,Staley,AB,22,49,1.4,6.35,2
164,CAF059,493770.7974,5180636.942,Palouse,AB,38,66,1.27,6.05,3
178,CAF063,493896.169,5180649.766,Naff,AB,41,67,1.16,6.35,3
184,CAF065,493959.9746,5180636.922,Thatuna,AB,33,57,1.14,6.12,3
210,CAF073,493421.8027,5180680.044,Staley,AB,25,52,1.31,,3
224,CAF077,493551.8335,5180673.461,Palouse,AB,35,62,1.19,6.36,3
231,CAF079,493615.6537,5180675.171,Thatuna,AB,52,74,1.48,6.19,4
249,CAF085,493807.105,5180671.637,Palouse,AB,31,62,1.31,5.98,3
255,CAF087,493870.9368,5180684.795,Naff,AB,46,74,1.61,6.26,3
268,CAF091,493998.5585,5180669.998,Naff,AB,55,86,,6.72,4
294,CAF099,493403.7819,5180713.182,Staley,AB,33,53,1.38,6.11,3
315,CAF105,493595.2216,5180699.973,Thatuna,AB,43,59,1.47,5.82,3
360,CAF119,494044.2265,5180700.47,Naff,AB,47,63,1.38,6.33,3
367,CAF121,494105.7794,5180713.451,Naff,AB,47,63,1.63,,3
375,CAF123,493337.2435,5180738.147,Latah,AB,72,97,1.2,5.3,4
398,CAF131,493592.5074,5180731.757,Thatuna,AB,57,75,1.37,6.16,4
416,CAF137,493782.1431,5180736.366,Naff,AB,45,76,1.39,6.33,4
421,CAF139,493847.7654,5180719.155,Naff,AB,37,74.5,1.57,6.28,3
439,CAF145,494039.2338,5180734.075,Naff,AB,32,50,1.57,6.08,3
444,CAF147,494103.0625,5180745.235,Naff,AB,10,18,1.6,4.8,2
462,CAF153,493478.5079,5180775.884,Palouse,AB,46,66,1.27,,3
477,CAF159,493669.9528,5180769.345,Palouse,AB,17,57,1.48,6.17,2
483,CAF161,493733.7514,5180751.388,Thatuna,AB,65,103,,6.16,3
514,CAF173,494116.657,5180751.889,Thatuna,AB,19,53,1.61,5.4,2
544,CAF183,493623.2698,5180802.287,Palouse,Ab,43,89,1.31,6.16,3
561,CAF189,493814.7171,5180798.753,Palouse,AB,31,62,1.19,5.71,3
600,CAF205,493544.2943,5180832.374,Palouse,Ab,34,58,1.32,6.16,3
606,CAF207,493606.5134,5180835.683,Palouse,AB,46,70,1.11,6.11,3
617,CAF211,493735.7261,5180814.947,Thatuna,AB,28,57,1.36,5.88,2
623,CAF213,493799.5591,5180830.549,Thatuna,AB,55,95,1.5,5.76,3
624,CAF213,493799.5591,5180830.549,Thatuna,Ab,95,117,1.68,6.11,4
629,CAF215,493859.7475,5180844.162,Palouse,AB,37,59,1.33,5.58,3
665,CAF229,493540.2721,5180854.27,Naff,AB,24,52,1.27,,2
692,CAF239,493858.4356,5180848.088,Palouse,AB,35,69,1.19,5.56,3
702,CAF243,493986.9922,5180859.362,Palouse,AB,26,49,1.24,6.2,2
721,CAF249,493445.5787,5180889.931,Thatuna,Ab,76,99,1.38,5.81,4
738,CAF255,493637.0257,5180888.836,Palouse,AB,36,66,1.33,6.12,3
748,CAF259,493764.6632,5180893.925,Palouse,AB,19,41,1.43,6.05,2
758,CAF263,493892.3055,5180904.017,Palouse,AB,18,42,1.48,5.57,2
780,CAF271,494147.5581,5180892.762,Palouse,AB,30,59,1.4,6.26,3
795,CAF277,493626.0766,5180929.408,Staley,AB,16,42,1.42,6.38,2
800,CAF279,493690.9522,5180926.713,Palouse,AB,25,44,1.22,6.12,2
853,CAF302,493631.4319,5180959.585,Palouse,AB,37,71,1.33,6.21,3
863,CAF306,493757.8431,5180942.048,Palouse,AB,18,49,1.44,6,2
891,CAF316,494076.9279,5180949.503,Thatuna,Ab,105,121,1.69,6.79,5
911,CAF330,493722.0986,5180995.869,Palouse,AB,26,57,1.33,6.31,3
928,CAF336,493913.5469,5180999.338,Palouse,AB,23,48,1.21,5.76,2
935,CAF338,493977.9553,5180985.889,Thatuna,AB,60,88,1.51,6.05,4
941,CAF349,493572.819,5181023.029,Palouse,AB,68,89,1.5,6.27,4
960,CAF357,493828.0757,5181021.206,Palouse,AB,23,44,1.18,6.14,2
989,CAF377,493767.3783,5181033.528,Palouse,AB,21,41,1.15,5.72,2
995,CAF379,493826.8108,5181052.988,Palouse,AB,15,50,1.26,5.63,2
1047,CAF423,493780.1935,5181114.779,Latah,AB,60,106,1.51,5.74,4
1049,CAF423,493780.1935,5181114.779,Latah,Ab,128,137,,6.16,6
1053,CAF425,493841.5918,5181100.533,Caldwell,AB,57,87,1.54,6.02,3
1000,CAF381,493890.6385,5181066.146,Thatuna,AB1,19,33,1.37,5.26,2
1008,CAF395,493626.398,5181088.312,Caldwell,AB1,32,53,1.31,5.76,3
1001,CAF381,493890.6385,5181066.146,Thatuna,AB2,33,59,1.36,5.69,3
1009,CAF395,493626.398,5181088.312,Caldwell,AB2,53,87,1.57,5.97,4
1036,CAF419,493648.3558,5181104.302,Thatuna,ABb,104,126,1.69,6.02,7
100,CAF037,493819.788,5180608.062,Latah,AE,26.5,42,1.43,6.77,3
170,CAF061,493832.3237,5180623.828,Naff,AE,32,51.5,1.31,6.06,3
225,CAF077,493551.8335,5180673.461,Palouse,AE,62,96,1.41,6.65,4
274,CAF093,494062.3704,5180663.489,Thatuna,AE,54,84,1.58,6.12,4
287,CAF097,493339.9564,5180706.363,Thatuna,AE,37,52,1.47,5.47,3
472,CAF157,493606.1367,5180770.524,Thatuna,AE,25,43,1.34,6.32,3
521,CAF175,493367.9983,5180799.119,Latah,AE,57,69,1.2,6.1,4
539,CAF181,493559.451,5180800.577,Thatuna,AE,55,84,1.4,6.19,4
978,CAF373,493635.3715,5181056.522,Thatuna,AE,35,68,1.47,5.96,3
1033,CAF419,493648.3558,5181104.302,Thatuna,AE,43,66,1.37,5.51,4
1040,CAF421,493712.7748,5181114.814,Latah,AE,42,73,1.26,,3
1,CAF003,493383.1071,5180586.081,Naff,Ap,0,21,1.46,4.69,1
6,CAF005,493446.9111,5180572.12,Palouse,Ap,0,17,1.56,4.12,1
11,CAF007,493510.7264,5180568.273,Palouse,Ap,0,26,1.31,4.54,1
16,CAF009,493574.5508,5180572.871,Palouse,Ap,0,20,1.36,4.32,1
21,CAF011,493638.3683,5180571.025,Palouse,Ap,0,24,1.41,4.68,1
26,CAF013,493702.2,5180582.737,Naff,Ap,0,20,1.5,4.43,1
31,CAF015,493797.9223,5180576.303,Latah,Ap,0,13,1.28,4.34,1
37,CAF017,493893.6615,5180586.206,Palouse,Ap,0,15,1.33,4.22,1
42,CAF019,493246.5977,5180590.191,Latah,Ap,0,24,1.53,4.46,1
49,CAF021,493309.2174,5180591.83,Staley,Ap,0,13,1.59,4.87,1
55,CAF023,493371.4556,5180609.627,Palouse,Ap,0,13,1.51,,1
61,CAF025,493436.8807,5180614.469,Naff,Ap,0,14,1.36,4.36,1
67,CAF027,493502.3017,5180616.156,Palouse,Ap,0,24,1.32,4.29,1
73,CAF029,493564.5137,5180609.886,Staley,Ap,0,22,1.28,4.7,1
79,CAF031,493628.3346,5180611.596,Palouse,Ap,0,13,1.27,4.69,1
85,CAF033,493692.1524,5180610.417,Staley,Ap,0,9,1.3,4.08,1
91,CAF035,493755.9527,5180592.46,Naff,Ap,0,11,1.46,4.86,1
98,CAF037,493819.788,5180608.062,Latah,Ap,0,14,1.45,4.98,1
105,CAF039,493883.6204,5180621.22,Latah,Ap,0,17,1.32,5.04,1
111,CAF041,493947.432,5180613.932,Palouse,Ap,0,11,1.14,4.53,1
116,CAF043,493257.9566,5180626.446,Latah,Ap,0,17,1.45,4.26,1
122,CAF045,493323.2034,5180641.411,Palouse,Ap,0,15,1.46,4.25,1
128,CAF047,493385.6199,5180649.64,Palouse,Ap,0,20,1.33,,1
133,CAF049,493449.4233,5180635.68,Palouse,Ap,0,24,1.22,5.03,1
140,CAF051,493514.0376,5180631.032,Palouse,Ap,0,15,1.24,4.32,1
146,CAF053,493577.0617,5180636.431,Palouse,Ap,0,16,1.26,4.17,1
152,CAF055,493640.8785,5180634.585,Palouse,Ap,0,17,1.24,4.48,1
157,CAF057,493704.7095,5180646.296,Staley,Ap,0,22,1.33,4.58,1
162,CAF059,493770.7974,5180636.942,Palouse,Ap,0,17,1.23,4.24,1
168,CAF061,493832.3237,5180623.828,Naff,Ap,0,15,1.32,5.4,1
176,CAF063,493896.169,5180649.766,Naff,Ap,0,15,1.05,4.32,1
182,CAF065,493959.9746,5180636.922,Thatuna,Ap,0,16,1.3,4.15,1
188,CAF067,494023.7952,5180638.747,Thatuna,Ap,0,15,1.16,4.27,1
195,CAF069,493296.5399,5180655.406,Thatuna,Ap,0,17,1.4,4.28,1
202,CAF071,493360.3768,5180672.003,Staley,Ap,0,13,1.5,4.42,1
208,CAF073,493421.8027,5180680.044,Staley,Ap,0,10,1.32,,1
215,CAF075,493488.0228,5180680.531,Thatuna,Ap,0,18,1.26,4.36,1
222,CAF077,493551.8335,5180673.461,Palouse,Ap,0,18,1.21,4.53,1
228,CAF079,493615.6537,5180675.171,Thatuna,Ap,0,10.5,1.22,3.95,1
235,CAF081,493679.4708,5180673.992,Thatuna,Ap,0,10,1.23,4.16,1
241,CAF083,493743.2704,5180656.035,Palouse,Ap,0,19,1.43,4.39,1
247,CAF085,493807.105,5180671.637,Palouse,Ap,0,12,1.24,4.53,1
253,CAF087,493870.9368,5180684.795,Naff,Ap,0,15,1.4,4.17,1
259,CAF089,493935.2029,5180676.141,Palouse,Ap,0,13,1.33,4.27,1
265,CAF091,493998.5585,5180669.998,Naff,Ap,0,22,1.31,4.79,1
271,CAF093,494062.3704,5180663.489,Thatuna,Ap,0,18,1.26,4.33,1
277,CAF095,493276.7264,5180689.078,Latah,Ap,0,10,1.39,4.23,1
285,CAF097,493339.9564,5180706.363,Thatuna,Ap,0,12,1.3,4.27,1
292,CAF099,493403.7819,5180713.182,Staley,Ap,0,18,1.3,4.77,1
300,CAF101,493467.5846,5180699.222,Palouse,Ap,0,16,1.39,4.72,1
306,CAF103,493531.3986,5180695.374,Thatuna,Ap,0,14,1.31,4.86,1
313,CAF105,493595.2216,5180699.973,Thatuna,Ap,0,20,1.42,5.03,1
320,CAF107,493659.0377,5180698.127,Thatuna,Ap,0,23,1.52,5.01,1
327,CAF109,493725.5766,5180706.699,Thatuna,Ap,0,30,1.17,4.75,1
333,CAF111,493786.6792,5180703.217,Naff,Ap,0,23,1.39,4.68,1
340,CAF113,493851.8467,5180685.551,Naff,Ap,0,17.5,1.36,4.57,1
346,CAF115,493915.6912,5180711.488,Naff,Ap,0,22,1.47,4.74,1
352,CAF117,493978.1305,5180700.466,Naff,Ap,0,21,1.25,4.53,1
358,CAF119,494044.2265,5180700.47,Naff,Ap,0,20,1.33,4.83,1
365,CAF121,494105.7794,5180713.451,Naff,Ap,0,20,1.34,,1
372,CAF123,493337.2435,5180738.147,Latah,Ap,0,18,1.41,4.06,1
378,CAF125,493401.0687,5180744.966,Thatuna,Ap,0,16,1.41,4.44,1
384,CAF127,493466.0706,5180730.206,Staley,Ap,0,26,1.27,4.74,1
389,CAF129,493528.6847,5180727.158,Thatuna,Ap,0,23,1.34,4.8,1
395,CAF131,493592.5074,5180731.757,Thatuna,Ap,0,16,1.38,4.44,1
401,CAF133,493656.3232,5180729.911,Thatuna,Ap,0,28,1.37,4.62,1
407,CAF135,493720.1532,5180741.623,Palouse,Ap,0,18,1.16,4.27,1
413,CAF137,493782.1431,5180736.366,Naff,Ap,0,15,1.44,4.31,1
419,CAF139,493847.7654,5180719.155,Naff,Ap,0,21,1.51,4.61,1
424,CAF141,493911.6096,5180745.093,Naff,Ap,0,9,1.4,4.32,1
430,CAF143,493976.78,5180731.339,Naff,Ap,0,21,1.35,4.47,1
437,CAF145,494039.2338,5180734.075,Naff,Ap,0,14,1.39,4.23,1
443,CAF147,494103.0625,5180745.235,Naff,Ap,0,10,1.43,4.38,1
449,CAF149,493350.8639,5180767.357,Palouse,Ap,0,16,1.17,4.02,1
455,CAF151,493417.8866,5180770.999,Palouse,Ap,0,15,1.34,4.47,1
460,CAF153,493478.5079,5180775.884,Palouse,Ap,0,18,1.27,,1
465,CAF155,493542.3175,5180768.814,Thatuna,Ap,0,20,1.48,4.59,1
476,CAF159,493669.9528,5180769.345,Palouse,Ap,0,17,1.36,4.49,1
481,CAF161,493733.7514,5180751.388,Thatuna,Ap,0,23,1.3,4.62,1
487,CAF163,493797.585,5180766.989,Palouse,Ap,0,15,1.3,4.47,1
492,CAF165,493861.4158,5180780.147,Palouse,Ap,0,25,1.43,4.94,1
497,CAF167,493925.2257,5180772.86,Palouse,Ap,0,17,1.42,5.05,1
503,CAF169,493989.0354,5180765.35,Naff,Ap,0,20,1.37,4.65,1
508,CAF171,494052.8464,5180758.841,Naff,Ap,0,18,1.35,4.15,1
513,CAF173,494116.657,5180751.889,Thatuna,Ap,0,19,1.63,4.34,1
518,CAF175,493367.9983,5180799.119,Latah,Ap,0,20,1.38,4.28,1
525,CAF177,493431.822,5180805.16,Palouse,Ap,0,19,1.43,4.51,1
530,CAF179,493495.6416,5180807.646,Thatuna,Ap,0,20,1.41,,1
536,CAF181,493559.451,5180800.577,Thatuna,Ap,0,15,1.43,4.96,1
542,CAF183,493623.2698,5180802.287,Palouse,Ap,0,19,1.27,4.78,1
547,CAF185,493687.0856,5180801.108,Thatuna,Ap,0,18,1.28,4.5,1
559,CAF189,493814.7171,5180798.753,Palouse,Ap,0,13,1.5,4.33,1
565,CAF193,493942.3571,5180804.623,Palouse,Ap,0,19,1.36,4.55,1
570,CAF195,494006.1666,5180797.114,Palouse,Ap,0,17,1.39,4.31,1
576,CAF197,494069.9772,5180790.605,Palouse,Ap,0,23,1.5,4.83,1
587,CAF201,493416.666,5180836.958,Thatuna,Ap,0,23,1.44,4.59,1
604,CAF207,493606.5134,5180835.683,Palouse,Ap,0,12,1.33,4.22,1
610,CAF209,493671.9282,5180832.905,Naff,Ap,0,20,1.45,4.87,1
616,CAF211,493735.7261,5180814.947,Thatuna,Ap,0,28,1.39,4.81,1
621,CAF213,493799.5591,5180830.549,Thatuna,Ap,0,24,1.48,5.14,1
633,CAF217,493927.1984,5180836.419,Palouse,Ap,0,17,1.18,4.52,1
638,CAF219,493991.0075,5180828.91,Palouse,Ap,0,23,1.27,4.74,1
643,CAF221,494054.8177,5180822.401,Palouse,Ap,0,28,1.33,4.76,1
648,CAF223,494118.6277,5180815.449,Palouse,Ap,0,17,1.45,4.56,1
654,CAF225,493412.6587,5180872.077,Palouse,Ap,0,16,1.26,4.86,1
659,CAF227,493478.459,5180856.118,Palouse,Ap,0,21,1.52,4.9,1
664,CAF229,493540.2721,5180854.27,Naff,Ap,0,24,1.47,,1
675,CAF233,493667.9079,5180857.023,Staley,Ap,0,24,1.35,4.82,1
680,CAF235,493731.7365,5180868.735,Palouse,Ap,0,20,1.22,4.51,1
685,CAF237,493798.2411,5180860.384,Palouse,Ap,0,18,1.51,4.32,1
690,CAF239,493858.4356,5180848.088,Palouse,Ap,0,14,1.31,4.27,1
696,CAF241,493923.1888,5180872.205,Palouse,Ap,0,23,1.35,4.42,1
701,CAF243,493986.9922,5180859.362,Palouse,Ap,0,26,1.16,4.52,1
707,CAF245,494050.8104,5180861.187,Palouse,Ap,0,20,1.3,4.42,1
713,CAF247,494114.6377,5180872.347,Palouse,Ap,0,24,1.47,4.67,1
718,CAF249,493445.5787,5180889.931,Thatuna,Ap,0,18,1.39,4.12,1
725,CAF251,493509.3906,5180886.084,Staley,Ap,0,15,1.16,7.44,1
731,CAF253,493573.2116,5180890.682,Staley,Ap,0,17,1.36,5.19,1
736,CAF255,493637.0257,5180888.836,Palouse,Ap,0,17,1.37,4.92,1
742,CAF257,493700.8541,5180900.548,Palouse,Ap,0,24,1.32,4.52,1
747,CAF259,493764.6632,5180893.925,Palouse,Ap,0,19,1.35,4.45,1
752,CAF261,493828.4629,5180878.08,Staley,Ap,0,28,1.29,4.98,1
757,CAF263,493892.3055,5180904.017,Palouse,Ap,0,18,1.33,4.47,1
762,CAF265,493957.4741,5180890.263,Palouse,Ap,0,30,1.22,4.84,1
767,CAF267,494019.9263,5180892.999,Palouse,Ap,0,12,1.25,3.91,1
784,CAF273,493498.4511,5180934.767,Thatuna,Ap,0,24,1.34,4.64,1
789,CAF275,493560.6597,5180928.897,Palouse,Ap,0,24,1.31,4.67,1
794,CAF277,493626.0766,5180929.408,Staley,Ap,0,16,1.36,4.34,1
799,CAF279,493690.9522,5180926.713,Palouse,Ap,0,25,1.27,5.03,1
804,CAF281,493754.8875,5180909.472,Staley,Ap,0,21,1.4,4.62,1
809,CAF283,493817.5199,5180925.874,Palouse,Ap,0,24,1.41,4.82,1
814,CAF285,493881.3489,5180939.032,Palouse,Ap,0,24,1.31,4.63,1
819,CAF287,493945.1571,5180931.744,Palouse,Ap,0,28,1.29,4.81,1
824,CAF289,494008.9652,5180924.235,Palouse,Ap,0,20,1.26,4.6,1
836,CAF293,494136.5834,5180910.774,Palouse,Ap,0,11,1.38,4.5,1
841,CAF298,493502.6076,5180966.544,Palouse,Ap,0,25,1.37,4.69,1
846,CAF300,493566.4152,5180959.474,Thatuna,Ap,0,14,1.4,4.44,1
851,CAF302,493631.4319,5180959.585,Palouse,Ap,0,15,1.35,4.72,1
857,CAF304,493694.0464,5180960.006,Palouse,Ap,0,22,1.4,4.63,1
862,CAF306,493757.8431,5180942.048,Palouse,Ap,0,18,1.24,4.87,1
867,CAF308,493821.6746,5180957.65,Palouse,Ap,0,15,1.2,4.5,1
872,CAF310,493885.5034,5180970.809,Thatuna,Ap,0,22,1.3,4.73,1
877,CAF312,493946.5799,5180965.797,Palouse,Ap,0,22,1.25,4.52,1
882,CAF314,494013.119,5180956.012,Thatuna,Ap,0,20,1.44,4.59,1
887,CAF316,494076.9279,5180949.503,Thatuna,Ap,0,24,1.43,5.02,1
893,CAF324,493530.6382,5180981.404,Palouse,Ap,0,11,1.31,4.3,1
904,CAF328,493658.2713,5180984.157,Palouse,Ap,0,19,1.24,4.83,1
921,CAF334,493849.7054,5180973.401,Palouse,Ap,0,23,1.2,4.73,1
927,CAF336,493913.5469,5180999.338,Palouse,Ap,0,23,1.3,4.64,1
932,CAF338,493977.9553,5180985.889,Thatuna,Ap,0,16,1.19,4.21,1
938,CAF349,493572.819,5181023.029,Palouse,Ap,0,13,1.24,4.58,1
944,CAF351,493636.6355,5181024.739,Staley,Ap,0,13,1.27,4.26,1
949,CAF353,493700.4489,5181023.561,Palouse,Ap,0,24,1.34,4.77,1
954,CAF355,493764.2449,5181005.603,Palouse,Ap,0,14,1.23,4.41,1
959,CAF357,493828.0757,5181021.206,Palouse,Ap,0,23,1.25,4.79,1
965,CAF359,493891.9038,5181034.364,Palouse,Ap,0,26,1.34,4.65,1
970,CAF371,493570.4942,5181049.809,Latah,Ap,0,23,1.27,4.2,1
976,CAF373,493635.3715,5181056.522,Thatuna,Ap,0,12,1.32,4.3,1
982,CAF375,493700.3841,5181054.144,Palouse,Ap,0,12.5,1.31,4.4,1
988,CAF377,493767.3783,5181033.528,Palouse,Ap,0,21,1.28,4.51,1
994,CAF379,493826.8108,5181052.988,Palouse,Ap,0,15,1.32,4.74,1
999,CAF381,493890.6385,5181066.146,Thatuna,Ap,0,19,1.41,4.33,1
1012,CAF397,493690.2107,5181087.133,Palouse,Ap,0,9,1.35,,1
1019,CAF399,493754.006,5181069.176,Thatuna,Ap,0,18,1.38,4.67,1
1024,CAF401,493817.8362,5181084.778,Thatuna,Ap,0,12,1.42,4.4,1
1030,CAF419,493648.3558,5181104.302,Thatuna,Ap,0,11,1.27,4.15,1
1038,CAF421,493712.7748,5181114.814,Latah,Ap,0,10,1.39,,1
1044,CAF423,493780.1935,5181114.779,Latah,Ap,0,10,1.55,4.51,1
1051,CAF425,493841.5918,5181100.533,Caldwell,Ap,0,16,1.44,4.69,1
470,CAF157,493606.1367,5180770.524,Thatuna,Ap1,0,13,1.33,4.72,1
552,CAF187,493750.8839,5180783.151,Thatuna,Ap1,0,10,1.49,4.58,1
581,CAF199,494133.7875,5180783.653,Thatuna,Ap1,0,13,1.43,4.52,1
592,CAF203,493480.4853,5180839.444,Thatuna,Ap1,0,17,1.38,4.73,1
598,CAF205,493544.2943,5180832.374,Palouse,Ap1,0,18,1.52,4.88,1
627,CAF215,493859.7475,5180844.162,Palouse,Ap1,0,13,1.39,3.91,1
669,CAF231,493604.0934,5180858.868,Palouse,Ap1,0,11,1.56,4.94,1
772,CAF269,494083.7533,5180904.159,Thatuna,Ap1,0,16,1.31,4.99,1
778,CAF271,494147.5581,5180892.762,Palouse,Ap1,0,14,1.41,4.35,1
830,CAF291,494072.7745,5180917.726,Palouse,Ap1,0,15,1.43,4.64,1
898,CAF326,493594.4582,5180986.002,Palouse,Ap1,0,16,1.28,4.79,1
909,CAF330,493722.0986,5180995.869,Palouse,Ap1,0,15,1.31,4.79,1
915,CAF332,493785.9066,5180989.246,Palouse,Ap1,0,10,1.29,4.36,1
1006,CAF395,493626.398,5181088.312,Caldwell,Ap1,0,11,1.38,3.96,1
471,CAF157,493606.1367,5180770.524,Thatuna,Ap2,13,25,1.39,5.54,2
553,CAF187,493750.8839,5180783.151,Thatuna,Ap2,10,20,1.51,5.05,2
582,CAF199,494133.7875,5180783.653,Thatuna,Ap2,13,34,1.51,5.09,2
593,CAF203,493480.4853,5180839.444,Thatuna,Ap2,17,33,1.38,5.77,2
599,CAF205,493544.2943,5180832.374,Palouse,Ap2,18,34,1.43,5.7,2
628,CAF215,493859.7475,5180844.162,Palouse,Ap2,13,37,1.33,4.94,2
670,CAF231,493604.0934,5180858.868,Palouse,Ap2,11,28,1.5,5.47,2
773,CAF269,494083.7533,5180904.159,Thatuna,Ap2,16,29,1.38,5.49,2
779,CAF271,494147.5581,5180892.762,Palouse,Ap2,14,30,1.46,5.47,2
831,CAF291,494072.7745,5180917.726,Palouse,Ap2,15,33,1.47,5.56,2
899,CAF326,493594.4582,5180986.002,Palouse,Ap2,16,32,1.27,5.4,2
910,CAF330,493722.0986,5180995.869,Palouse,Ap2,15,26,1.17,5.55,2
916,CAF332,493785.9066,5180989.246,Palouse,Ap2,10,22,1.46,4.95,2
1007,CAF395,493626.398,5181088.312,Caldwell,Ap2,11,32,1.4,4.91,2
1031,CAF419,493648.3558,5181104.302,Thatuna,Ap2,11,23,1.53,4.74,2
95,CAF035,493755.9527,5180592.46,Naff,B/C,70,87,1.86,6.48,5
8,CAF005,493446.9111,5180572.12,Palouse,BA,42,66,1.36,6.26,3
57,CAF023,493371.4556,5180609.627,Palouse,BA,37,59,1.54,,3
68,CAF027,493502.3017,5180616.156,Palouse,BA,24,41,1.39,5.86,2
142,CAF051,493514.0376,5180631.032,Palouse,BA,46,71,1.34,6.22,3
527,CAF177,493431.822,5180805.16,Palouse,BA,34,72,1.52,6.37,3
566,CAF193,493942.3571,5180804.623,Palouse,BA,19,48,1.36,6.14,2
588,CAF201,493416.666,5180836.958,Thatuna,BA,23,61,1.61,6.33,2
594,CAF203,493480.4853,5180839.444,Thatuna,BA,33,57,1.46,6.28,3
639,CAF219,493991.0075,5180828.91,Palouse,BA,23,44,1.13,6.2,2
649,CAF223,494118.6277,5180815.449,Palouse,BA,17,38,1.5,6.01,2
655,CAF225,493412.6587,5180872.077,Palouse,BA,16,35,1.43,5.2,2
660,CAF227,493478.459,5180856.118,Palouse,BA,21,42,1.5,6.08,2
697,CAF241,493923.1888,5180872.205,Palouse,BA,23,56,1.44,5.97,2
708,CAF245,494050.8104,5180861.187,Palouse,BA,20,39,1.18,5.67,2
714,CAF247,494114.6377,5180872.347,Palouse,BA,24,50,1.42,5.99,2
732,CAF253,493573.2116,5180890.682,Staley,BA,17,39,1.53,7.41,2
763,CAF265,493957.4741,5180890.263,Palouse,BA,30,58,1.15,6.12,2
769,CAF267,494019.9263,5180892.999,Palouse,BA,30,71,1.45,6.27,3
775,CAF269,494083.7533,5180904.159,Thatuna,BA,55,90,1.36,5.92,4
805,CAF281,493754.8875,5180909.472,Staley,BA,21,55,1.27,6.29,2
821,CAF287,493945.1571,5180931.744,Palouse,BA,38,60,1.28,6.32,3
848,CAF300,493566.4152,5180959.474,Thatuna,BA,34,70,1.3,6.07,3
883,CAF314,494013.119,5180956.012,Thatuna,BA,20,43,1.48,5.71,2
950,CAF353,493700.4489,5181023.561,Palouse,BA,24,46,1.16,5.95,2
966,CAF359,493891.9038,5181034.364,Palouse,BA,26,52,1.33,5.9,2
1014,CAF397,493690.2107,5181087.133,Palouse,BA,24,46,1.4,,3
123,CAF045,493323.2034,5180641.411,Palouse,BA1,15,44,1.33,6.51,2
124,CAF045,493323.2034,5180641.411,Palouse,BA2,44,69,1.28,7.76,3
298,CAF099,493403.7819,5180713.182,Staley,BC,125,141,1.3,7.29,7
387,CAF127,493466.0706,5180730.206,Staley,BC,94,107,1.49,6.64,4
299,CAF099,493403.7819,5180713.182,Staley,BCk,141,152,1.24,7.45,8
33,CAF015,493797.9223,5180576.303,Latah,BE,40,64,1.5,6.08,3
119,CAF043,493257.9566,5180626.446,Latah,BE,68,89,1.49,5.66,4
136,CAF049,493449.4233,5180635.68,Palouse,BE,71,88,1.46,6.52,4
185,CAF065,493959.9746,5180636.922,Thatuna,BE,57,94,1.6,6.2,4
198,CAF069,493296.5399,5180655.406,Thatuna,BE,48,76,1.57,5.41,4
219,CAF075,493488.0228,5180680.531,Thatuna,BE,72,95,1.53,6.49,5
233,CAF079,493615.6537,5180675.171,Thatuna,BE,88,118,1.66,6.62,6
237,CAF081,493679.4708,5180673.992,Thatuna,BE,34,71,1.35,6.12,3
316,CAF105,493595.2216,5180699.973,Thatuna,BE,59,75,1.65,6.01,4
322,CAF107,493659.0377,5180698.127,Thatuna,BE,51.5,65,1.83,6.04,3
337,CAF111,493786.6792,5180703.217,Naff,BE,80,113,1.71,6.47,5
349,CAF115,493915.6912,5180711.488,Naff,BE,60,87,1.65,6.41,4
361,CAF119,494044.2265,5180700.47,Naff,BE,63,84,1.55,6.47,4
368,CAF121,494105.7794,5180713.451,Naff,BE,63,82,1.81,,4
391,CAF129,493528.6847,5180727.158,Thatuna,BE,36.5,53,1.16,6.35,3
404,CAF133,493656.3232,5180729.911,Thatuna,BE,79,95,1.48,5.83,4
484,CAF161,493733.7514,5180751.388,Thatuna,BE,103,122,1.16,6.52,4
506,CAF169,493989.0354,5180765.35,Naff,BE,78,107,1.69,6.28,4
510,CAF171,494052.8464,5180758.841,Naff,BE,57,82,1.68,6.2,3
595,CAF203,493480.4853,5180839.444,Thatuna,BE,57,79,1.68,6.4,4
613,CAF209,493671.9282,5180832.905,Naff,BE,82,109,1.69,6.59,4
672,CAF231,493604.0934,5180858.868,Palouse,BE,48,87,1.67,6.69,4
704,CAF243,493986.9922,5180859.362,Palouse,BE,85,102,1.43,6.51,4
785,CAF273,493498.4511,5180934.767,Thatuna,BE,24,47,1.45,5.73,2
874,CAF310,493885.5034,5180970.809,Thatuna,BE,58,83,1.42,6.38,3
971,CAF371,493570.4942,5181049.809,Latah,BE,23,57,1.29,5.67,2
990,CAF377,493767.3783,5181033.528,Palouse,BE,41,76,1.32,6.19,3
1048,CAF423,493780.1935,5181114.779,Latah,BE,106,128,1.68,5.67,5
179,CAF063,493896.169,5180649.766,Naff,BE1,67,85,1.13,6.67,4
191,CAF067,494023.7952,5180638.747,Thatuna,BE1,59,83,1.6,6.18,4
309,CAF103,493531.3986,5180695.374,Thatuna,BE1,59,74,1.36,6.62,4
376,CAF123,493337.2435,5180738.147,Latah,BE1,97,122,1.42,5.43,5
180,CAF063,493896.169,5180649.766,Naff,BE2,85,114,1.19,6.65,5
192,CAF067,494023.7952,5180638.747,Thatuna,BE2,83,104,1.61,6.35,5
310,CAF103,493531.3986,5180695.374,Thatuna,BE2,74,84,1.56,6.78,5
377,CAF123,493337.2435,5180738.147,Latah,BE2,122,147,1.68,5.52,6
722,CAF249,493445.5787,5180889.931,Thatuna,BEb,99,115,1.64,5.98,5
72,CAF027,493502.3017,5180616.156,Palouse,Bk,128,153,1.36,7.65,6
87,CAF033,493692.1524,5180610.417,Staley,Bk,21,59,1.39,7.12,3
206,CAF071,493360.3768,5180672.003,Staley,Bk1,94,127,1.38,7.65,5
213,CAF073,493421.8027,5180680.044,Staley,Bk1,116,135,,,6
88,CAF033,493692.1524,5180610.417,Staley,Bk2,59,96,1.48,7.6,4
207,CAF071,493360.3768,5180672.003,Staley,Bk2,127,153,1.36,7.78,6
214,CAF073,493421.8027,5180680.044,Staley,Bk2,135,153,,,7
89,CAF033,493692.1524,5180610.417,Staley,Bk3,96,135,1.56,7.46,5
90,CAF033,493692.1524,5180610.417,Staley,Bk4,135,153,1.52,7.47,6
679,CAF233,493667.9079,5180857.023,Staley,Bkb,118,153,1.16,7.65,5
756,CAF261,493828.4629,5180878.08,Staley,Bkb,119,153,1.66,6.71,5
807,CAF281,493754.8875,5180909.472,Staley,Bkb1,76,110,1.34,7.8,4
808,CAF281,493754.8875,5180909.472,Staley,Bkb2,110,153,1.41,7.63,5
589,CAF201,493416.666,5180836.958,Thatuna,Bt,61,95,1.57,7.18,3
1005,CAF381,493890.6385,5181066.146,Thatuna,Bt,118,153,,,7
66,CAF025,493436.8807,5180614.469,Naff,Btb,106,153,1.68,6.48,6
97,CAF035,493755.9527,5180592.46,Naff,Btb,121,153,1.66,6.52,7
104,CAF037,493819.788,5180608.062,Latah,Btb,140,153,1.74,7.44,7
115,CAF041,493947.432,5180613.932,Palouse,Btb,105,153,1.69,6.49,5
150,CAF053,493577.0617,5180636.431,Palouse,Btb,84,122,1.61,6.96,5
181,CAF063,493896.169,5180649.766,Naff,Btb,114,153,1.69,6.52,6
234,CAF079,493615.6537,5180675.171,Thatuna,Btb,118,153,1.66,6.42,7
246,CAF083,493743.2704,5180656.035,Palouse,Btb,115.5,153,1.71,6.57,6
269,CAF091,493998.5585,5180669.998,Naff,Btb,86,125,1.64,6.56,5
305,CAF101,493467.5846,5180699.222,Palouse,Btb,132,153,1.6,6.62,6
369,CAF121,494105.7794,5180713.451,Naff,Btb,82,102,,,5
406,CAF133,493656.3232,5180729.911,Thatuna,Btb,117,153,1.68,6.3,6
412,CAF135,493720.1532,5180741.623,Palouse,Btb,114,153,1.68,6.5,6
480,CAF159,493669.9528,5180769.345,Palouse,Btb,127,153,1.61,7.09,5
491,CAF163,493797.585,5180766.989,Palouse,Btb,122,153,1.72,6.38,5
507,CAF169,493989.0354,5180765.35,Naff,Btb,107,150,1.72,6.17,5
586,CAF199,494133.7875,5180783.653,Thatuna,Btb,108,153,1.8,5.84,6
603,CAF205,493544.2943,5180832.374,Palouse,Btb,97,153,1.6,6.51,6
615,CAF209,493671.9282,5180832.905,Naff,Btb,139,153,1.67,6.7,6
653,CAF223,494118.6277,5180815.449,Palouse,Btb,141,153,1.85,6.57,6
658,CAF225,493412.6587,5180872.077,Palouse,Btb,101,153,1.67,6.31,5
668,CAF229,493540.2721,5180854.27,Naff,Btb,101,153,1.54,,5
724,CAF249,493445.5787,5180889.931,Thatuna,Btb,127,149,1.72,5.87,7
751,CAF259,493764.6632,5180893.925,Palouse,Btb,122,153,1.72,6.81,5
777,CAF269,494083.7533,5180904.159,Thatuna,Btb,111,153,,6.17,6
783,CAF271,494147.5581,5180892.762,Palouse,Btb,127,153,1.51,7.08,6
892,CAF316,494076.9279,5180949.503,Thatuna,Btb,121,153,1.61,6.95,6
926,CAF334,493849.7054,5180973.401,Palouse,Btb,126,153,1.61,6.71,6
1023,CAF399,493754.006,5181069.176,Thatuna,Btb,103,152,1.6,6.11,5
1037,CAF419,493648.3558,5181104.302,Thatuna,Btb,126,153,1.7,6.09,8
1050,CAF423,493780.1935,5181114.779,Latah,Btb,137,153,1.58,6.69,7
4,CAF003,493383.1071,5180586.081,Naff,Btb1,65,98,1.72,6.54,4
29,CAF013,493702.2,5180582.737,Naff,Btb1,77,105,1.68,6.41,4
35,CAF015,493797.9223,5180576.303,Latah,Btb1,79,110,1.63,6.16,5
46,CAF019,493246.5977,5180590.191,Latah,Btb1,82,110,1.69,6.38,5
109,CAF039,493883.6204,5180621.22,Latah,Btb1,78,123,1.62,7.56,5
173,CAF061,493832.3237,5180623.828,Naff,Btb1,83,100,1.73,6.26,6
186,CAF065,493959.9746,5180636.922,Thatuna,Btb1,94,128,1.69,6.16,5
193,CAF067,494023.7952,5180638.747,Thatuna,Btb1,104,126,1.62,6.29,6
200,CAF069,493296.5399,5180655.406,Thatuna,Btb1,91,133,1.69,5.46,6
220,CAF075,493488.0228,5180680.531,Thatuna,Btb1,95,132,1.56,6.64,6
238,CAF081,493679.4708,5180673.992,Thatuna,Btb1,71,99,1.61,6.49,4
256,CAF087,493870.9368,5180684.795,Naff,Btb1,74,102,1.7,6.53,4
275,CAF093,494062.3704,5180663.489,Thatuna,Btb1,84,121,1.73,6.37,5
283,CAF095,493276.7264,5180689.078,Latah,Btb1,121,141,1.63,6.76,7
289,CAF097,493339.9564,5180706.363,Thatuna,Btb1,75,104.5,1.69,5.74,5
311,CAF103,493531.3986,5180695.374,Thatuna,Btb1,84,128,1.65,6.78,6
318,CAF105,493595.2216,5180699.973,Thatuna,Btb1,90,133,1.67,6.1,6
324,CAF107,493659.0377,5180698.127,Thatuna,Btb1,75,108.5,1.62,6.31,5
330,CAF109,493725.5766,5180706.699,Thatuna,Btb1,100,119,1.66,6.69,4
338,CAF111,493786.6792,5180703.217,Naff,Btb1,113,132,1.73,6.43,6
343,CAF113,493851.8467,5180685.551,Naff,Btb1,66,88,1.72,6.31,4
350,CAF115,493915.6912,5180711.488,Naff,Btb1,87,130,1.75,6.45,5
356,CAF117,493978.1305,5180700.466,Naff,Btb1,86,118,1.7,6.69,5
362,CAF119,494044.2265,5180700.47,Naff,Btb1,84,102,1.73,6.53,5
382,CAF125,493401.0687,5180744.966,Thatuna,Btb1,85,112,1.64,6.31,5
393,CAF129,493528.6847,5180727.158,Thatuna,Btb1,72,103,1.64,6.41,5
417,CAF137,493782.1431,5180736.366,Naff,Btb1,76,123,1.63,6.63,5
422,CAF139,493847.7654,5180719.155,Naff,Btb1,74.5,125,1.58,6.6,4
428,CAF141,493911.6096,5180745.093,Naff,Btb1,54,100,1.63,6.27,5
435,CAF143,493976.78,5180731.339,Naff,Btb1,101,136,1.63,6.2,6
441,CAF145,494039.2338,5180734.075,Naff,Btb1,68,125,1.67,6.19,5
446,CAF147,494103.0625,5180745.235,Naff,Btb1,48,85,1.67,5.6,4
468,CAF155,493542.3175,5180768.814,Thatuna,Btb1,71,98,1.59,6.87,4
473,CAF157,493606.1367,5180770.524,Thatuna,Btb1,43,89,1.41,7.05,4
511,CAF171,494052.8464,5180758.841,Naff,Btb1,82,106,1.66,6.14,4
516,CAF173,494116.657,5180751.889,Thatuna,Btb1,72,103,1.7,5.45,4
523,CAF175,493367.9983,5180799.119,Latah,Btb1,110,125,1.55,6.42,6
540,CAF181,493559.451,5180800.577,Thatuna,Btb1,84,102,1.52,6.55,5
550,CAF185,493687.0856,5180801.108,Thatuna,Btb1,79,112,1.44,6.23,4
555,CAF187,493750.8839,5180783.151,Thatuna,Btb1,41,69,1.6,6.06,4
596,CAF203,493480.4853,5180839.444,Thatuna,Btb1,79,102,1.68,6.66,5
618,CAF211,493735.7261,5180814.947,Thatuna,Btb1,57,93,1.39,6.24,3
688,CAF237,493798.2411,5180860.384,Palouse,Btb1,80,125,1.62,6.21,4
787,CAF273,493498.4511,5180934.767,Thatuna,Btb1,69,124,1.64,6.16,4
834,CAF291,494072.7745,5180917.726,Palouse,Btb1,85,114,1.65,6.73,5
885,CAF314,494013.119,5180956.012,Thatuna,Btb1,76,113,1.61,5.64,4
973,CAF371,493570.4942,5181049.809,Latah,Btb1,77,89,1.37,6.13,4
980,CAF373,493635.3715,5181056.522,Thatuna,Btb1,96,124,1.66,6.35,5
1028,CAF401,493817.8362,5181084.778,Thatuna,Btb1,97,128,1.68,6.22,5
1042,CAF421,493712.7748,5181114.814,Latah,Btb1,98,126,1.62,,5
5,CAF003,493383.1071,5180586.081,Naff,Btb2,98,153,1.72,6.75,5
30,CAF013,493702.2,5180582.737,Naff,Btb2,105,153,1.68,6.62,5
36,CAF015,493797.9223,5180576.303,Latah,Btb2,110,153,1.68,5.97,6
47,CAF019,493246.5977,5180590.191,Latah,Btb2,110,127,1.68,6.4,6
110,CAF039,493883.6204,5180621.22,Latah,Btb2,123,153,1.74,7.34,6
174,CAF061,493832.3237,5180623.828,Naff,Btb2,100,128,1.39,6.37,7
187,CAF065,493959.9746,5180636.922,Thatuna,Btb2,128,153,1.7,6.01,6
194,CAF067,494023.7952,5180638.747,Thatuna,Btb2,126,153,1.65,6.16,7
201,CAF069,493296.5399,5180655.406,Thatuna,Btb2,133,153,1.79,5.66,7
221,CAF075,493488.0228,5180680.531,Thatuna,Btb2,132,152,1.56,6.76,7
239,CAF081,493679.4708,5180673.992,Thatuna,Btb2,99,124,1.66,6.65,5
257,CAF087,493870.9368,5180684.795,Naff,Btb2,102,125,1.67,6.62,5
276,CAF093,494062.3704,5180663.489,Thatuna,Btb2,121,153,1.76,6.24,6
284,CAF095,493276.7264,5180689.078,Latah,Btb2,141,151,1.67,6.65,8
290,CAF097,493339.9564,5180706.363,Thatuna,Btb2,104.5,135,1.7,5.68,6
312,CAF103,493531.3986,5180695.374,Thatuna,Btb2,128,153,1.66,6.58,7
319,CAF105,493595.2216,5180699.973,Thatuna,Btb2,133,153,1.65,6.15,7
325,CAF107,493659.0377,5180698.127,Thatuna,Btb2,108.5,135,1.63,6.69,6
331,CAF109,493725.5766,5180706.699,Thatuna,Btb2,119,145,1.66,6.77,5
339,CAF111,493786.6792,5180703.217,Naff,Btb2,132,153,1.69,6.49,7
344,CAF113,493851.8467,5180685.551,Naff,Btb2,88,124,1.75,6.47,5
351,CAF115,493915.6912,5180711.488,Naff,Btb2,130,151,1.76,6.34,6
357,CAF117,493978.1305,5180700.466,Naff,Btb2,118,153,1.75,6.63,6
363,CAF119,494044.2265,5180700.47,Naff,Btb2,102,120,1.73,6.55,6
370,CAF121,494105.7794,5180713.451,Naff,Btb2,102,120,,,6
383,CAF125,493401.0687,5180744.966,Thatuna,Btb2,112,151,1.66,6.07,6
394,CAF129,493528.6847,5180727.158,Thatuna,Btb2,103,153,1.68,6.41,6
418,CAF137,493782.1431,5180736.366,Naff,Btb2,123,153,1.7,6.75,6
423,CAF139,493847.7654,5180719.155,Naff,Btb2,125,153,1.38,6.86,5
429,CAF141,493911.6096,5180745.093,Naff,Btb2,100,153,1.65,6.76,6
436,CAF143,493976.78,5180731.339,Naff,Btb2,136,153,1.51,6.46,7
442,CAF145,494039.2338,5180734.075,Naff,Btb2,125,153,1.69,6.24,6
447,CAF147,494103.0625,5180745.235,Naff,Btb2,85,145,1.61,5.92,5
469,CAF155,493542.3175,5180768.814,Thatuna,Btb2,98,153,1.67,6.83,5
474,CAF157,493606.1367,5180770.524,Thatuna,Btb2,89,106,1.53,7.53,5
512,CAF171,494052.8464,5180758.841,Naff,Btb2,106,153,1.66,6.13,5
517,CAF173,494116.657,5180751.889,Thatuna,Btb2,103,153,1.73,6.02,5
524,CAF175,493367.9983,5180799.119,Latah,Btb2,125,151,1.64,6.36,7
541,CAF181,493559.451,5180800.577,Thatuna,Btb2,102,153,1.41,7.18,6
551,CAF185,493687.0856,5180801.108,Thatuna,Btb2,112,153,1.61,6.56,5
556,CAF187,493750.8839,5180783.151,Thatuna,Btb2,69,86,1.68,6.33,5
597,CAF203,493480.4853,5180839.444,Thatuna,Btb2,102,151,1.67,6.83,6
619,CAF211,493735.7261,5180814.947,Thatuna,Btb2,93,126,1.49,6.43,4
689,CAF237,493798.2411,5180860.384,Palouse,Btb2,125,153,1.58,6.45,5
788,CAF273,493498.4511,5180934.767,Thatuna,Btb2,124,153,1.74,6.45,5
835,CAF291,494072.7745,5180917.726,Palouse,Btb2,114,144,1.58,6.83,6
886,CAF314,494013.119,5180956.012,Thatuna,Btb2,113,153,1.68,6.37,5
974,CAF371,493570.4942,5181049.809,Latah,Btb2,89,117,1.61,5.94,5
981,CAF373,493635.3715,5181056.522,Thatuna,Btb2,124,152,1.67,6.25,6
1029,CAF401,493817.8362,5181084.778,Thatuna,Btb2,128,153,1.64,6.23,6
1043,CAF421,493712.7748,5181114.814,Latah,Btb2,126,153,1.74,,6
48,CAF019,493246.5977,5180590.191,Latah,Btb3,127,147,1.67,6.38,7
175,CAF061,493832.3237,5180623.828,Naff,Btb3,128,146,1.68,6.43,8
240,CAF081,493679.4708,5180673.992,Thatuna,Btb3,124,153,1.62,6.64,6
258,CAF087,493870.9368,5180684.795,Naff,Btb3,125,153,1.73,6.65,6
291,CAF097,493339.9564,5180706.363,Thatuna,Btb3,135,151,1.72,5.64,7
326,CAF107,493659.0377,5180698.127,Thatuna,Btb3,135,153,1.66,6.85,7
332,CAF109,493725.5766,5180706.699,Thatuna,Btb3,145,153,1.74,6.76,6
345,CAF113,493851.8467,5180685.551,Naff,Btb3,124,153,,6.67,6
364,CAF119,494044.2265,5180700.47,Naff,Btb3,120,153,1.78,6.53,7
371,CAF121,494105.7794,5180713.451,Naff,Btb3,120,152,,,7
448,CAF147,494103.0625,5180745.235,Naff,Btb3,145,153,1.74,6.49,6
475,CAF157,493606.1367,5180770.524,Thatuna,Btb3,123,148,,,6
557,CAF187,493750.8839,5180783.151,Thatuna,Btb3,86,127,1.67,6.39,6
620,CAF211,493735.7261,5180814.947,Thatuna,Btb3,126,153,1.67,6.66,5
975,CAF371,493570.4942,5181049.809,Latah,Btb3,117,153,1.64,6.12,6
558,CAF187,493750.8839,5180783.151,Thatuna,Btb4,127,153,1.7,6.51,7
102,CAF037,493819.788,5180608.062,Latah,Btk1,69,98,1.71,7.64,5
107,CAF039,493883.6204,5180621.22,Latah,Btk1,38,54,1.66,7.25,3
103,CAF037,493819.788,5180608.062,Latah,Btk2,98,140,1.69,7.57,6
108,CAF039,493883.6204,5180621.22,Latah,Btk2,54,78,1.56,7.43,4
502,CAF167,493925.2257,5180772.86,Palouse,Btkb,103,153,1.55,7.56,6
13,CAF007,493510.7264,5180568.273,Palouse,Bw,66,84,1.45,6.44,3
41,CAF017,493893.6615,5180586.206,Palouse,Bw,90,153,1.54,6.09,5
44,CAF019,493246.5977,5180590.191,Latah,Bw,48,64,1.65,6.08,3
52,CAF021,493309.2174,5180591.83,Staley,Bw,49,69,1.34,6.44,4
63,CAF025,493436.8807,5180614.469,Naff,Bw,33,58,1.4,6.1,3
101,CAF037,493819.788,5180608.062,Latah,Bw,42,69,1.5,7.59,4
114,CAF041,493947.432,5180613.932,Palouse,Bw,66,105,1.6,6.6,4
342,CAF113,493851.8467,5180685.551,Naff,Bw,45,66,1.56,6.02,3
348,CAF115,493915.6912,5180711.488,Naff,Bw,43,60,1.56,6.31,3
403,CAF133,493656.3232,5180729.911,Thatuna,Bw,49,79,1.36,5.62,3
445,CAF147,494103.0625,5180745.235,Naff,Bw,18,48,1.56,5.61,3
463,CAF153,493478.5079,5180775.884,Palouse,Bw,66,120,1.29,,4
490,CAF163,493797.585,5180766.989,Palouse,Bw,72,122,1.59,6.42,4
505,CAF169,493989.0354,5180765.35,Naff,Bw,56,78,1.53,6.35,3
509,CAF171,494052.8464,5180758.841,Naff,Bw,18,57,1.58,5.89,2
522,CAF175,493367.9983,5180799.119,Latah,Bw,69,110,1.59,6.52,5
528,CAF177,493431.822,5180805.16,Palouse,Bw,72,123,1.66,6.63,4
532,CAF179,493495.6416,5180807.646,Thatuna,Bw,34,68,1.2,,3
549,CAF185,493687.0856,5180801.108,Thatuna,Bw,40,79,1.37,5.53,3
578,CAF197,494069.9772,5180790.605,Palouse,Bw,45,86,1.6,6.37,3
584,CAF199,494133.7875,5180783.653,Thatuna,Bw,52,85,1.57,5.92,4
612,CAF209,493671.9282,5180832.905,Naff,Bw,48,82,1.65,6.42,3
630,CAF215,493859.7475,5180844.162,Palouse,Bw,59,88,1.38,5.78,4
635,CAF217,493927.1984,5180836.419,Palouse,Bw,38,83,1.39,6.3,3
640,CAF219,493991.0075,5180828.91,Palouse,Bw,44,83,1.32,6.69,3
650,CAF223,494118.6277,5180815.449,Palouse,Bw,38,66,1.62,6.57,3
656,CAF225,493412.6587,5180872.077,Palouse,Bw,35,61,1.43,5.98,3
661,CAF227,493478.459,5180856.118,Palouse,Bw,42,69,1.44,6.42,3
666,CAF229,493540.2721,5180854.27,Naff,Bw,52,82,1.34,,3
703,CAF243,493986.9922,5180859.362,Palouse,Bw,49,85,1.39,6.47,3
733,CAF253,493573.2116,5180890.682,Staley,Bw,39,79,1.58,8.81,3
759,CAF263,493892.3055,5180904.017,Palouse,Bw,42,89,1.5,6.34,3
770,CAF267,494019.9263,5180892.999,Palouse,Bw,71,104,1.62,6.57,4
796,CAF277,493626.0766,5180929.408,Staley,Bw,42,89,1.35,8.18,3
806,CAF281,493754.8875,5180909.472,Staley,Bw,55,76,1.36,,3
822,CAF287,493945.1571,5180931.744,Palouse,Bw,60,99,1.5,6.77,4
875,CAF310,493885.5034,5180970.809,Thatuna,Bw,83,114,1.46,6.75,4
889,CAF316,494076.9279,5180949.503,Thatuna,Bw,61,94,1.53,6.48,3
912,CAF330,493722.0986,5180995.869,Palouse,Bw,57,92,1.46,6.47,4
942,CAF349,493572.819,5181023.029,Palouse,Bw,89,109,1.66,6.24,5
957,CAF355,493764.2449,5181005.603,Palouse,Bw,62,107,1.48,6.3,4
967,CAF359,493891.9038,5181034.364,Palouse,Bw,52,85,1.59,6.25,3
1002,CAF381,493890.6385,5181066.146,Thatuna,Bw,59,74,1.63,6.11,4
1021,CAF399,493754.006,5181069.176,Thatuna,Bw,38,74,1.39,6.04,3
1026,CAF401,493817.8362,5181084.778,Thatuna,Bw,25,57,1.41,5.83,3
9,CAF005,493446.9111,5180572.12,Palouse,Bw1,66,97,1.37,6.59,4
18,CAF009,493574.5508,5180572.871,Palouse,Bw1,47,73,1.4,6.38,3
24,CAF011,493638.3683,5180571.025,Palouse,Bw1,62,93,1.59,6.48,4
58,CAF023,493371.4556,5180609.627,Palouse,Bw1,59,79,1.59,,4
69,CAF027,493502.3017,5180616.156,Palouse,Bw1,41,62,1.4,6.14,3
75,CAF029,493564.5137,5180609.886,Staley,Bw1,50,68,1.56,6.69,3
82,CAF031,493628.3346,5180611.596,Palouse,Bw1,57,88,1.57,6.53,4
125,CAF045,493323.2034,5180641.411,Palouse,Bw1,69,105,1.39,7.86,4
130,CAF047,493385.6199,5180649.64,Palouse,Bw1,53,90,1.42,,3
137,CAF049,493449.4233,5180635.68,Palouse,Bw1,88,104,1.5,6.52,5
143,CAF051,493514.0376,5180631.032,Palouse,Bw1,71,93,1.35,6.43,4
154,CAF055,493640.8785,5180634.585,Palouse,Bw1,46,83,1.33,6.51,3
159,CAF057,493704.7095,5180646.296,Staley,Bw1,49,83,1.38,6.65,3
165,CAF059,493770.7974,5180636.942,Palouse,Bw1,66,107,1.66,6.36,4
204,CAF071,493360.3768,5180672.003,Staley,Bw1,24,73,1.47,6.5,3
211,CAF073,493421.8027,5180680.044,Staley,Bw1,52,85,1.36,,4
226,CAF077,493551.8335,5180673.461,Palouse,Bw1,96,123,1.52,6.87,5
244,CAF083,493743.2704,5180656.035,Palouse,Bw1,60,90.5,1.65,6.24,4
250,CAF085,493807.105,5180671.637,Palouse,Bw1,62,90,1.59,6.48,4
262,CAF089,493935.2029,5180676.141,Palouse,Bw1,48,70,1.45,6.48,4
295,CAF099,493403.7819,5180713.182,Staley,Bw1,53,78,1.39,6.4,4
302,CAF101,493467.5846,5180699.222,Palouse,Bw1,43,71,1.29,6.37,3
335,CAF111,493786.6792,5180703.217,Naff,Bw1,42,60,1.59,6.36,3
386,CAF127,493466.0706,5180730.206,Staley,Bw1,49.5,94,1.46,6.45,3
410,CAF135,493720.1532,5180741.623,Palouse,Bw1,64,86,1.58,6.19,4
451,CAF149,493350.8639,5180767.357,Palouse,Bw1,34,70,1.18,5.49,3
457,CAF151,493417.8866,5180770.999,Palouse,Bw1,43,78,1.54,6.03,3
478,CAF159,493669.9528,5180769.345,Palouse,Bw1,57,92,1.48,6.76,3
494,CAF165,493861.4158,5180780.147,Palouse,Bw1,60,96,1.68,6.58,3
500,CAF167,493925.2257,5180772.86,Palouse,Bw1,52,81,1.67,6.58,4
562,CAF189,493814.7171,5180798.753,Palouse,Bw1,62,94,1.23,5.86,4
567,CAF193,493942.3571,5180804.623,Palouse,Bw1,48,82,1.45,6.55,3
572,CAF195,494006.1666,5180797.114,Palouse,Bw1,45,70,1.3,6.22,3
607,CAF207,493606.5134,5180835.683,Palouse,Bw1,70,93,1.19,6.08,4
644,CAF221,494054.8177,5180822.401,Palouse,Bw1,28,49,1.43,6.02,2
677,CAF233,493667.9079,5180857.023,Staley,Bw1,46,67,1.25,7.25,3
682,CAF235,493731.7365,5180868.735,Palouse,Bw1,41,72,1.24,6.44,3
686,CAF237,493798.2411,5180860.384,Palouse,Bw1,18,49,1.42,5.63,2
693,CAF239,493858.4356,5180848.088,Palouse,Bw1,69,103,1.31,5.91,4
698,CAF241,493923.1888,5180872.205,Palouse,Bw1,56,97,1.55,6.44,3
709,CAF245,494050.8104,5180861.187,Palouse,Bw1,39,65,1.37,6.1,3
715,CAF247,494114.6377,5180872.347,Palouse,Bw1,50,83,1.5,6.47,3
719,CAF249,493445.5787,5180889.931,Thatuna,Bw1,18,43,1.41,5.02,2
739,CAF255,493637.0257,5180888.836,Palouse,Bw1,66,99,1.64,6.35,4
743,CAF257,493700.8541,5180900.548,Palouse,Bw1,24,60,1.4,6.12,2
749,CAF259,493764.6632,5180893.925,Palouse,Bw1,41,79,1.6,6.41,3
753,CAF261,493828.4629,5180878.08,Staley,Bw1,28,60,1.17,6.07,2
764,CAF265,493957.4741,5180890.263,Palouse,Bw1,58,89,1.26,6.36,3
781,CAF271,494147.5581,5180892.762,Palouse,Bw1,59,93,1.61,6.53,4
790,CAF275,493560.6597,5180928.897,Palouse,Bw1,24,46,1.14,5.88,2
801,CAF279,493690.9522,5180926.713,Palouse,Bw1,44,65,1.56,6.21,3
810,CAF283,493817.5199,5180925.874,Palouse,Bw1,24,51,1.33,6.22,2
815,CAF285,493881.3489,5180939.032,Palouse,Bw1,24,60,1.42,6.05,2
826,CAF289,494008.9652,5180924.235,Palouse,Bw1,44,80,1.36,6.54,3
832,CAF291,494072.7745,5180917.726,Palouse,Bw1,33,49,1.57,6.2,3
838,CAF293,494136.5834,5180910.774,Palouse,Bw1,36,79,1.65,6.31,3
843,CAF298,493502.6076,5180966.544,Palouse,Bw1,42,84,1.55,6.35,3
854,CAF302,493631.4319,5180959.585,Palouse,Bw1,71,104,1.56,6.57,4
858,CAF304,493694.0464,5180960.006,Palouse,Bw1,22,61,1.49,6.26,2
864,CAF306,493757.8431,5180942.048,Palouse,Bw1,49,78,1.57,6.47,3
868,CAF308,493821.6746,5180957.65,Palouse,Bw1,15,64,1.36,6.25,2
879,CAF312,493946.5799,5180965.797,Palouse,Bw1,36,64,1.15,6.16,3
895,CAF324,493530.6382,5180981.404,Palouse,Bw1,23,59,1.56,5.81,3
901,CAF326,493594.4582,5180986.002,Palouse,Bw1,60,97,1.48,6.13,4
906,CAF328,493658.2713,5180984.157,Palouse,Bw1,52,84,1.44,6.48,3
917,CAF332,493785.9066,5180989.246,Palouse,Bw1,22,53,1.37,6.03,3
923,CAF334,493849.7054,5180973.401,Palouse,Bw1,43,72,1.43,6.36,3
929,CAF336,493913.5469,5180999.338,Palouse,Bw1,48,90,1.46,6.14,3
946,CAF351,493636.6355,5181024.739,Staley,Bw1,32,78,1.43,6.13,3
951,CAF353,493700.4489,5181023.561,Palouse,Bw1,46,80,1.46,6.18,3
961,CAF357,493828.0757,5181021.206,Palouse,Bw1,44,61,1.29,6.25,3
984,CAF375,493700.3841,5181054.144,Palouse,Bw1,29,59,1.26,6.06,3
991,CAF377,493767.3783,5181033.528,Palouse,Bw1,76,107,1.55,6.48,4
996,CAF379,493826.8108,5181052.988,Palouse,Bw1,50,84,1.41,6.22,3
1015,CAF397,493690.2107,5181087.133,Palouse,Bw1,46,67,1.55,,4
10,CAF005,493446.9111,5180572.12,Palouse,Bw2,97,153,1.48,6.85,5
19,CAF009,493574.5508,5180572.871,Palouse,Bw2,73,103,1.52,6.63,4
25,CAF011,493638.3683,5180571.025,Palouse,Bw2,93,153,1.71,6.81,5
59,CAF023,493371.4556,5180609.627,Palouse,Bw2,79,122,1.65,,5
70,CAF027,493502.3017,5180616.156,Palouse,Bw2,62,96,1.35,6.69,4
76,CAF029,493564.5137,5180609.886,Staley,Bw2,68,92,1.38,7.35,4
83,CAF031,493628.3346,5180611.596,Palouse,Bw2,88,127,1.68,6.73,5
126,CAF045,493323.2034,5180641.411,Palouse,Bw2,105,131,1.45,7.69,5
131,CAF047,493385.6199,5180649.64,Palouse,Bw2,90,124,1.33,,4
138,CAF049,493449.4233,5180635.68,Palouse,Bw2,104,136,1.61,6.73,6
144,CAF051,493514.0376,5180631.032,Palouse,Bw2,93,131,1.51,6.65,5
155,CAF055,493640.8785,5180634.585,Palouse,Bw2,83,122,1.35,6.83,4
160,CAF057,493704.7095,5180646.296,Staley,Bw2,83,114,1.29,7.16,4
166,CAF059,493770.7974,5180636.942,Palouse,Bw2,107,133,1.65,6.52,5
205,CAF071,493360.3768,5180672.003,Staley,Bw2,73,94,1.43,7.61,4
212,CAF073,493421.8027,5180680.044,Staley,Bw2,85,116,1.28,,5
227,CAF077,493551.8335,5180673.461,Palouse,Bw2,123,153,1.61,6.96,6
245,CAF083,493743.2704,5180656.035,Palouse,Bw2,90.5,115.5,1.63,6.47,5
251,CAF085,493807.105,5180671.637,Palouse,Bw2,90,112,1.64,6.61,5
263,CAF089,493935.2029,5180676.141,Palouse,Bw2,70,112,1.74,6.84,5
296,CAF099,493403.7819,5180713.182,Staley,Bw2,78,106,1.37,6.66,5
303,CAF101,493467.5846,5180699.222,Palouse,Bw2,71,103,1.53,6.57,4
336,CAF111,493786.6792,5180703.217,Naff,Bw2,60,80,1.74,6.5,4
411,CAF135,493720.1532,5180741.623,Palouse,Bw2,86,114,1.69,6.33,5
452,CAF149,493350.8639,5180767.357,Palouse,Bw2,70,90,1.16,5.74,4
458,CAF151,493417.8866,5180770.999,Palouse,Bw2,78,109,1.65,6.31,4
479,CAF159,493669.9528,5180769.345,Palouse,Bw2,92,127,1.56,7.08,4
495,CAF165,493861.4158,5180780.147,Palouse,Bw2,96,138,1.69,6.67,4
501,CAF167,493925.2257,5180772.86,Palouse,Bw2,81,103,1.64,7.09,5
563,CAF189,493814.7171,5180798.753,Palouse,Bw2,94,116,1.47,6.12,5
568,CAF193,493942.3571,5180804.623,Palouse,Bw2,82,122,1.46,6.92,4
573,CAF195,494006.1666,5180797.114,Palouse,Bw2,70,92,1.39,6.52,4
608,CAF207,493606.5134,5180835.683,Palouse,Bw2,93,135,1.58,6.36,5
645,CAF221,494054.8177,5180822.401,Palouse,Bw2,49,89,1.6,6.36,3
678,CAF233,493667.9079,5180857.023,Staley,Bw2,67,118,1.28,7.77,4
683,CAF235,493731.7365,5180868.735,Palouse,Bw2,72,115,1.46,6.68,4
687,CAF237,493798.2411,5180860.384,Palouse,Bw2,49,80,1.64,6.25,3
694,CAF239,493858.4356,5180848.088,Palouse,Bw2,103,128,1.46,5.99,5
710,CAF245,494050.8104,5180861.187,Palouse,Bw2,65,84,1.51,6.24,4
716,CAF247,494114.6377,5180872.347,Palouse,Bw2,83,105,1.54,6.61,4
720,CAF249,493445.5787,5180889.931,Thatuna,Bw2,43,76,1.34,5.56,3
740,CAF255,493637.0257,5180888.836,Palouse,Bw2,99,136,1.65,6.51,5
744,CAF257,493700.8541,5180900.548,Palouse,Bw2,60,95,1.41,6.61,3
750,CAF259,493764.6632,5180893.925,Palouse,Bw2,79,122,1.7,6.64,4
754,CAF261,493828.4629,5180878.08,Staley,Bw2,60,91,1.58,6.49,3
765,CAF265,493957.4741,5180890.263,Palouse,Bw2,89,128,1.4,6.59,4
782,CAF271,494147.5581,5180892.762,Palouse,Bw2,93,127,1.68,6.98,5
791,CAF275,493560.6597,5180928.897,Palouse,Bw2,46,74,1.31,6.17,3
802,CAF279,493690.9522,5180926.713,Palouse,Bw2,65,116,1.58,6.39,4
811,CAF283,493817.5199,5180925.874,Palouse,Bw2,51,105,1.55,6.65,3
816,CAF285,493881.3489,5180939.032,Palouse,Bw2,60,80,1.51,6.47,3
827,CAF289,494008.9652,5180924.235,Palouse,Bw2,80,112,1.45,6.88,4
833,CAF291,494072.7745,5180917.726,Palouse,Bw2,49,85,1.65,6.39,4
839,CAF293,494136.5834,5180910.774,Palouse,Bw2,79,117,1.7,6.49,4
855,CAF302,493631.4319,5180959.585,Palouse,Bw2,104,125,1.58,6.85,5
859,CAF304,493694.0464,5180960.006,Palouse,Bw2,61,96,1.59,6.6,3
865,CAF306,493757.8431,5180942.048,Palouse,Bw2,78,120,1.56,6.74,4
869,CAF308,493821.6746,5180957.65,Palouse,Bw2,64,101,1.37,6.71,3
880,CAF312,493946.5799,5180965.797,Palouse,Bw2,64,110,1.46,6.38,4
896,CAF324,493530.6382,5180981.404,Palouse,Bw2,59,103,1.67,6.12,4
902,CAF326,493594.4582,5180986.002,Palouse,Bw2,97,141,1.66,6.56,5
907,CAF328,493658.2713,5180984.157,Palouse,Bw2,84,127,1.5,6.81,4
918,CAF332,493785.9066,5180989.246,Palouse,Bw2,53,107,1.41,6.51,4
924,CAF334,493849.7054,5180973.401,Palouse,Bw2,72,97,1.52,6.5,4
930,CAF336,493913.5469,5180999.338,Palouse,Bw2,90,120,1.63,6.45,4
947,CAF351,493636.6355,5181024.739,Staley,Bw2,78,112,1.62,6.48,4
952,CAF353,493700.4489,5181023.561,Palouse,Bw2,80,120,1.58,6.45,4
962,CAF357,493828.0757,5181021.206,Palouse,Bw2,61,74,1.33,6.42,4
985,CAF375,493700.3841,5181054.144,Palouse,Bw2,59,106,1.48,6.44,4
992,CAF377,493767.3783,5181033.528,Palouse,Bw2,107,133,1.61,6.87,5
997,CAF379,493826.8108,5181052.988,Palouse,Bw2,84,120,1.44,6.43,4
1016,CAF397,493690.2107,5181087.133,Palouse,Bw2,67,94,1.54,,5
60,CAF023,493371.4556,5180609.627,Palouse,Bw3,122,153,1.68,,6
71,CAF027,493502.3017,5180616.156,Palouse,Bw3,96,128,1.33,7.51,5
252,CAF085,493807.105,5180671.637,Palouse,Bw3,112,153,1.69,6.63,6
297,CAF099,493403.7819,5180713.182,Staley,Bw3,106,125,1.39,6.89,6
304,CAF101,493467.5846,5180699.222,Palouse,Bw3,103,132,1.55,6.72,5
695,CAF239,493858.4356,5180848.088,Palouse,Bw3,128,153,1.57,6.02,6
711,CAF245,494050.8104,5180861.187,Palouse,Bw3,84,118,1.6,6.44,5
792,CAF275,493560.6597,5180928.897,Palouse,Bw3,74,111,1.44,6.33,4
817,CAF285,493881.3489,5180939.032,Palouse,Bw3,80,115,1.53,6.66,4
919,CAF332,493785.9066,5180989.246,Palouse,Bw3,107,135,1.44,6.89,5
925,CAF334,493849.7054,5180973.401,Palouse,Bw3,97,126,1.59,6.69,5
963,CAF357,493828.0757,5181021.206,Palouse,Bw3,74,103,1.43,6.49,5
986,CAF375,493700.3841,5181054.144,Palouse,Bw3,106,135,1.61,6.72,5
1017,CAF397,493690.2107,5181087.133,Palouse,Bw3,94,128,1.63,,6
15,CAF007,493510.7264,5180568.273,Palouse,Bwb,100,153,1.53,6.7,5
20,CAF009,493574.5508,5180572.871,Palouse,Bwb,103,153,1.51,7.07,5
84,CAF031,493628.3346,5180611.596,Palouse,Bwb,127,153,1.65,6.72,6
127,CAF045,493323.2034,5180641.411,Palouse,Bwb,131,153,1.39,7.41,6
132,CAF047,493385.6199,5180649.64,Palouse,Bwb,124,153,1.34,,5
139,CAF049,493449.4233,5180635.68,Palouse,Bwb,136,153,1.66,6.74,7
145,CAF051,493514.0376,5180631.032,Palouse,Bwb,131,153,1.44,6.89,6
151,CAF053,493577.0617,5180636.431,Palouse,Bwb,122,153,1.63,6.91,6
156,CAF055,493640.8785,5180634.585,Palouse,Bwb,122,153,1.3,7.61,5
167,CAF059,493770.7974,5180636.942,Palouse,Bwb,133,152,1.7,6.55,6
264,CAF089,493935.2029,5180676.141,Palouse,Bwb,112,153,1.77,6.9,6
270,CAF091,493998.5585,5180669.998,Naff,Bwb,125,153,1.7,6.41,6
434,CAF143,493976.78,5180731.339,Naff,Bwb,70,101,1.64,6.16,5
459,CAF151,493417.8866,5180770.999,Palouse,Bwb,109,148,1.66,6.51,5
464,CAF153,493478.5079,5180775.884,Palouse,Bwb,120,153,1.33,,5
486,CAF161,493733.7514,5180751.388,Thatuna,Bwb,142,153,1.62,6.12,6
496,CAF165,493861.4158,5180780.147,Palouse,Bwb,138,153,1.64,6.53,5
529,CAF177,493431.822,5180805.16,Palouse,Bwb,129,153,1.8,6.58,5
545,CAF183,493623.2698,5180802.287,Palouse,Bwb,89,122,1.53,6.53,4
564,CAF189,493814.7171,5180798.753,Palouse,Bwb,116,153,1.69,6.16,6
569,CAF193,493942.3571,5180804.623,Palouse,Bwb,122,153,1.44,7.26,5
590,CAF201,493416.666,5180836.958,Thatuna,Bwb,95,120,1.63,6.98,4
601,CAF205,493544.2943,5180832.374,Palouse,Bwb,58,84,1.4,6.34,4
609,CAF207,493606.5134,5180835.683,Palouse,Bwb,135,153,,6.43,6
631,CAF215,493859.7475,5180844.162,Palouse,Bwb,88,130,1.45,6.01,5
657,CAF225,493412.6587,5180872.077,Palouse,Bwb,61,101,1.52,6.7,4
684,CAF235,493731.7365,5180868.735,Palouse,Bwb,115,153,1.53,6.86,5
712,CAF245,494050.8104,5180861.187,Palouse,Bwb,118,152,1.6,6.48,6
717,CAF247,494114.6377,5180872.347,Palouse,Bwb,105,153,1.55,6.78,5
741,CAF255,493637.0257,5180888.836,Palouse,Bwb,136,153,1.68,6.59,6
745,CAF257,493700.8541,5180900.548,Palouse,Bwb,95,130,1.45,6.9,4
755,CAF261,493828.4629,5180878.08,Staley,Bwb,91,119,1.6,6.64,4
766,CAF265,493957.4741,5180890.263,Palouse,Bwb,128,153,1.42,6.87,5
771,CAF267,494019.9263,5180892.999,Palouse,Bwb,104,153,1.74,6.76,5
793,CAF275,493560.6597,5180928.897,Palouse,Bwb,111,153,1.65,6.62,5
798,CAF277,493626.0766,5180929.408,Staley,Bwb,128,153,1.33,8.61,5
803,CAF279,493690.9522,5180926.713,Palouse,Bwb,116,153,1.71,6.59,5
818,CAF285,493881.3489,5180939.032,Palouse,Bwb,115,153,1.58,6.88,5
823,CAF287,493945.1571,5180931.744,Palouse,Bwb,99,153,1.54,7,5
828,CAF289,494008.9652,5180924.235,Palouse,Bwb,112,127,1.46,7.09,5
840,CAF293,494136.5834,5180910.774,Palouse,Bwb,117,153,1.68,6.54,5
850,CAF300,493566.4152,5180959.474,Thatuna,Bwb,108,153,1.69,6.71,5
856,CAF302,493631.4319,5180959.585,Palouse,Bwb,125,153,1.64,6.85,6
866,CAF306,493757.8431,5180942.048,Palouse,Bwb,120,153,1.58,6.92,5
876,CAF310,493885.5034,5180970.809,Thatuna,Bwb,114,153,1.2,6.86,5
881,CAF312,493946.5799,5180965.797,Palouse,Bwb,110,153,1.6,6.55,5
897,CAF324,493530.6382,5180981.404,Palouse,Bwb,103,153,1.72,6.31,5
903,CAF326,493594.4582,5180986.002,Palouse,Bwb,141,153,1.7,6.55,6
908,CAF328,493658.2713,5180984.157,Palouse,Bwb,127,153,1.39,6.95,5
920,CAF332,493785.9066,5180989.246,Palouse,Bwb,135,153,1.46,6.95,6
931,CAF336,493913.5469,5180999.338,Palouse,Bwb,120,153,1.68,6.42,5
937,CAF338,493977.9553,5180985.889,Thatuna,Bwb,125,153,1.67,5.85,6
943,CAF349,493572.819,5181023.029,Palouse,Bwb,109,153,1.71,6.3,6
953,CAF353,493700.4489,5181023.561,Palouse,Bwb,120,153,1.59,6.66,5
958,CAF355,493764.2449,5181005.603,Palouse,Bwb,107,153,1.67,6.66,5
964,CAF357,493828.0757,5181021.206,Palouse,Bwb,103,153,1.57,6.72,6
987,CAF375,493700.3841,5181054.144,Palouse,Bwb,135,153,1.63,6.49,6
993,CAF377,493767.3783,5181033.528,Palouse,Bwb,133,153,1.7,6.87,6
998,CAF379,493826.8108,5181052.988,Palouse,Bwb,120,153,1.49,6.56,5
1011,CAF395,493626.398,5181088.312,Caldwell,Bwb,112,148,1.71,6.08,6
1018,CAF397,493690.2107,5181087.133,Palouse,Bwb,128,153,1.58,,7
281,CAF095,493276.7264,5180689.078,Latah,Bwb1,80,92,1.56,6.97,5
453,CAF149,493350.8639,5180767.357,Palouse,Bwb1,90,114,1.43,5.87,5
534,CAF179,493495.6416,5180807.646,Thatuna,Bwb1,98,126,1.6,,5
574,CAF195,494006.1666,5180797.114,Palouse,Bwb1,92,114,1.5,6.94,5
579,CAF197,494069.9772,5180790.605,Palouse,Bwb1,86,120,1.45,7.39,4
636,CAF217,493927.1984,5180836.419,Palouse,Bwb1,83,119,1.45,6.76,4
641,CAF219,493991.0075,5180828.91,Palouse,Bwb1,83,116,1.34,6.39,4
646,CAF221,494054.8177,5180822.401,Palouse,Bwb1,89,118,1.6,6.68,4
651,CAF223,494118.6277,5180815.449,Palouse,Bwb1,66,91,1.71,6.67,4
662,CAF227,493478.459,5180856.118,Palouse,Bwb1,69,121,1.56,6.79,4
673,CAF231,493604.0934,5180858.868,Palouse,Bwb1,87,107,1.72,7.05,5
699,CAF241,493923.1888,5180872.205,Palouse,Bwb1,97,126,1.55,6.84,4
705,CAF243,493986.9922,5180859.362,Palouse,Bwb1,102,128,1.45,6.62,5
760,CAF263,493892.3055,5180904.017,Palouse,Bwb1,89,125,1.59,6.59,4
812,CAF283,493817.5199,5180925.874,Palouse,Bwb1,105,127,1.65,7.01,4
844,CAF298,493502.6076,5180966.544,Palouse,Bwb1,84,128,1.67,6.36,4
860,CAF304,493694.0464,5180960.006,Palouse,Bwb1,96,123,1.53,6.65,4
870,CAF308,493821.6746,5180957.65,Palouse,Bwb1,101,127,1.47,6.98,4
913,CAF330,493722.0986,5180995.869,Palouse,Bwb1,92,133,1.47,6.68,5
968,CAF359,493891.9038,5181034.364,Palouse,Bwb1,85,119,1.63,6.37,4
282,CAF095,493276.7264,5180689.078,Latah,Bwb2,92,121,1.53,7.12,6
454,CAF149,493350.8639,5180767.357,Palouse,Bwb2,114,148,1.69,5.9,6
535,CAF179,493495.6416,5180807.646,Thatuna,Bwb2,126,153,1.7,,6
546,CAF183,493623.2698,5180802.287,Palouse,Bwb2,122,147,,,5
575,CAF195,494006.1666,5180797.114,Palouse,Bwb2,114,153,1.43,7.28,6
580,CAF197,494069.9772,5180790.605,Palouse,Bwb2,120,153,1.38,7.41,5
591,CAF201,493416.666,5180836.958,Thatuna,Bwb2,120,153,,,5
632,CAF215,493859.7475,5180844.162,Palouse,Bwb2,130,151,,,6
637,CAF217,493927.1984,5180836.419,Palouse,Bwb2,119,153,1.6,6.96,5
642,CAF219,493991.0075,5180828.91,Palouse,Bwb2,116,153,1.44,6.91,5
647,CAF221,494054.8177,5180822.401,Palouse,Bwb2,118,153,1.54,6.68,5
652,CAF223,494118.6277,5180815.449,Palouse,Bwb2,91,141,1.76,6.48,5
663,CAF227,493478.459,5180856.118,Palouse,Bwb2,121,153,1.63,7.01,5
674,CAF231,493604.0934,5180858.868,Palouse,Bwb2,107,153,1.78,7.19,6
700,CAF241,493923.1888,5180872.205,Palouse,Bwb2,126,153,1.61,6.87,5
706,CAF243,493986.9922,5180859.362,Palouse,Bwb2,128,153,1.46,6.83,6
761,CAF263,493892.3055,5180904.017,Palouse,Bwb2,125,153,1.6,6.64,5
813,CAF283,493817.5199,5180925.874,Palouse,Bwb2,127,153,1.63,7.07,5
829,CAF289,494008.9652,5180924.235,Palouse,Bwb2,127,142,,,6
845,CAF298,493502.6076,5180966.544,Palouse,Bwb2,128,153,1.71,6.29,5
861,CAF304,493694.0464,5180960.006,Palouse,Bwb2,123,153,1.48,6.69,5
871,CAF308,493821.6746,5180957.65,Palouse,Bwb2,127,153,1.45,7.04,5
914,CAF330,493722.0986,5180995.869,Palouse,Bwb2,133,153,1.43,6.77,6
969,CAF359,493891.9038,5181034.364,Palouse,Bwb2,119,153,1.76,6.26,5
626,CAF213,493799.5591,5180830.549,Thatuna,Bwg,135,153,1.58,6.03,6
1010,CAF395,493626.398,5181088.312,Caldwell,Bwg,87,112,1.71,5.96,5
1054,CAF425,493841.5918,5181100.533,Caldwell,Bwg,87,109,1.74,6.28,4
1055,CAF425,493841.5918,5181100.533,Caldwell,Bwgb,109,153,1.71,6.09,5
161,CAF057,493704.7095,5180646.296,Staley,Bwk,114,153,1.29,7.81,5
734,CAF253,493573.2116,5180890.682,Staley,Bwk,79,124,1.5,9,4
797,CAF277,493626.0766,5180929.408,Staley,Bwk,89,128,1.43,8.62,4
948,CAF351,493636.6355,5181024.739,Staley,Bwk,112,153,,6.62,5
53,CAF021,493309.2174,5180591.83,Staley,Bwk1,69,114,1.31,7.53,5
726,CAF251,493509.3906,5180886.084,Staley,Bwk1,15,35,1.28,7.87,2
54,CAF021,493309.2174,5180591.83,Staley,Bwk2,114,153,1.6,7.91,6
727,CAF251,493509.3906,5180886.084,Staley,Bwk2,35,69,1.31,7.89,3
735,CAF253,493573.2116,5180890.682,Staley,Bwkb,124,152,1.49,8.72,5
728,CAF251,493509.3906,5180886.084,Staley,Bwkb1,69,111,1.35,7.81,4
729,CAF251,493509.3906,5180886.084,Staley,Bwkb2,111,132,1.51,7.64,5
730,CAF251,493509.3906,5180886.084,Staley,Bwkb3,132,153,1.53,7.74,6
746,CAF257,493700.8541,5180900.548,Palouse,Cb,130,153,1.34,7.2,5
388,CAF127,493466.0706,5180730.206,Staley,Ck,107,153,1.66,6.79,5
77,CAF029,493564.5137,5180609.886,Staley,Ck1,92,137,1.49,7.53,5
78,CAF029,493564.5137,5180609.886,Staley,Ck2,137,153,1.6,7.45,6
34,CAF015,493797.9223,5180576.303,Latah,E,64,79,1.63,6.44,4
121,CAF043,493257.9566,5180626.446,Latah,E,119,149,1.71,6.36,6
232,CAF079,493615.6537,5180675.171,Thatuna,E,74,88,1.58,6.38,5
279,CAF095,493276.7264,5180689.078,Latah,E,31,65,1.38,5.68,3
317,CAF105,493595.2216,5180699.973,Thatuna,E,75,90,1.71,6.01,5
323,CAF107,493659.0377,5180698.127,Thatuna,E,65,75,1.69,6.27,4
405,CAF133,493656.3232,5180729.911,Thatuna,E,95,117,1.71,6.24,5
467,CAF155,493542.3175,5180768.814,Thatuna,E,49,71,1.64,6.46,3
485,CAF161,493733.7514,5180751.388,Thatuna,E,122,142,1.68,6.22,5
515,CAF173,494116.657,5180751.889,Thatuna,E,53,72,1.7,5.47,3
585,CAF199,494133.7875,5180783.653,Thatuna,E,85,108,1.82,6.14,5
776,CAF269,494083.7533,5180904.159,Thatuna,E,90,111,1.82,6.17,5
890,CAF316,494076.9279,5180949.503,Thatuna,E,89,105,1.77,6.46,4
972,CAF371,493570.4942,5181049.809,Latah,E,57,77,1.28,5.88,3
979,CAF373,493635.3715,5181056.522,Thatuna,E,68,96,1.64,6.25,4
1034,CAF419,493648.3558,5181104.302,Thatuna,E,66,87,1.65,5.77,5
1041,CAF421,493712.7748,5181114.814,Latah,E,73,98,1.68,,4
936,CAF338,493977.9553,5180985.889,Thatuna,E/B,88,125,1.68,5.95,5
45,CAF019,493246.5977,5180590.191,Latah,EB,64,82,1.7,6.29,4
120,CAF043,493257.9566,5180626.446,Latah,EB,89,119,1.64,5.88,5
149,CAF053,493577.0617,5180636.431,Palouse,EB,70,84,1.54,6.62,4
199,CAF069,493296.5399,5180655.406,Thatuna,EB,76,91,1.67,5.5,5
280,CAF095,493276.7264,5180689.078,Latah,EB,65,80,1.5,6.42,4
288,CAF097,493339.9564,5180706.363,Thatuna,EB,52,75,1.56,5.8,4
329,CAF109,493725.5766,5180706.699,Thatuna,EB,68,100,1.6,6.5,3
355,CAF117,493978.1305,5180700.466,Naff,EB,61.5,86,1.52,6.56,4
392,CAF129,493528.6847,5180727.158,Thatuna,EB,53,72,1.51,6.41,4
427,CAF141,493911.6096,5180745.093,Naff,EB,38,54,1.64,6.04,4
433,CAF143,493976.78,5180731.339,Naff,EB,61,70,1.73,6.09,4
440,CAF145,494039.2338,5180734.075,Naff,EB,50,68,1.74,6.17,4
533,CAF179,493495.6416,5180807.646,Thatuna,EB,68,98,1.51,,4
554,CAF187,493750.8839,5180783.151,Thatuna,EB,20,41,1.45,5.62,3
602,CAF205,493544.2943,5180832.374,Palouse,Eb,84,97,1.49,6.49,5
614,CAF209,493671.9282,5180832.905,Naff,EB,109,139,1.58,6.67,5
667,CAF229,493540.2721,5180854.27,Naff,EB,82,101,1.67,,4
723,CAF249,493445.5787,5180889.931,Thatuna,Eb,115,127,1.71,6.01,6
786,CAF273,493498.4511,5180934.767,Thatuna,EB,47,69,1.67,6.03,3
849,CAF300,493566.4152,5180959.474,Thatuna,EB,70,108,1.59,6.51,4
884,CAF314,494013.119,5180956.012,Thatuna,EB,43,76,1.64,5.98,3
1003,CAF381,493890.6385,5181066.146,Thatuna,EB,74,89,1.73,6.21,5
1022,CAF399,493754.006,5181069.176,Thatuna,EB,74,103,1.56,6.31,4
1027,CAF401,493817.8362,5181084.778,Thatuna,EB,57,97,1.64,6.13,4
1035,CAF419,493648.3558,5181104.302,Thatuna,EB,87,104,1.73,5.72,6
64,CAF025,493436.8807,5180614.469,Naff,EB1,58,77,1.56,6.18,4
171,CAF061,493832.3237,5180623.828,Naff,EB1,51.5,67,1.39,6.14,4
380,CAF125,493401.0687,5180744.966,Thatuna,EB1,45,64,1.28,5.81,3
399,CAF131,493592.5074,5180731.757,Thatuna,EB1,75,100,1.54,6.29,5
65,CAF025,493436.8807,5180614.469,Naff,EB2,77,106,1.64,6.49,5
172,CAF061,493832.3237,5180623.828,Naff,EB2,67,83,1.47,6.2,5
381,CAF125,493401.0687,5180744.966,Thatuna,EB2,64,85,1.58,6.07,4
400,CAF131,493592.5074,5180731.757,Thatuna,EB2,100,153,1.67,6.08,6
1004,CAF381,493890.6385,5181066.146,Thatuna,EB2,89,118,,,6
,SOURCEID,Easting,Northing,TAXSUSDA,HZDUSD,UHDICM,LHDICM,BLD,PHIHOX,Horizon
