,SOURCEID,Easting,Northing,TAXSUSDA,HZDUSD,UHDICM,LHDICM,Hordepth,BLD,PHIHOX,Horizon,Ap,cv40sm0.1,cv40sm0.25,cv40sm0.5,cm40sm0.75,cv40sm1,cv40sm1.5,cv40sm2,cv80sm0.1,cv80sm.25,cv80sm0.5,cv80sm0.75,cv80sm1,cv80sm1.5,cv80sm2,cv120sm0,cv120sm0.25,cv120sm0.5,cv120sm0.75,cv120sm1,cv120sm1.5,cv160sm0,cv160sm0.25,cv160sm0.5,cv160sm0.75,cv160sm1,cv160sm1.5,cv160sm2
1,CAF003,493383.1071,5180586.081,Naff,Ap,0,21,21,1.46,4.69,1,1,4.653411,3.855168,3.351723,3.141174,3.027432,2.89846,2.813486,4.405237,4.183094,3.908161,3.707265,3.55264,3.326611,3.164944,3.894187,3.78953,3.642738,3.521657,3.419355,3.253878,3.673604,3.673604,3.449871,3.360987,3.282856,3.150506,3.040992
6,CAF005,493446.9111,5180572.12,Palouse,Ap,0,17,17,1.56,4.12,1,1,5.364072,5.351912,5.006262,4.738716,4.540087,4.261407,4.067222,4.574705,4.540353,4.447323,4.349481,4.257449,4.095571,3.959139,4.316527,4.264024,4.180798,4.103782,4.032749,3.906189,4.161199,4.161199,4.016038,3.951558,3.891672,3.783535,3.688061
11,CAF007,493510.7264,5180568.273,Palouse,Ap,0,26,26,1.31,4.54,1,1,-4.965877,-4.363034,-3.822043,-3.472379,-3.225947,-2.908637,-2.721839,-4.580646,-4.352764,-4.066954,-3.852229,-3.682922,-3.431849,-3.255691,-4.020723,-3.910368,-3.754562,-3.625748,-3.517543,-3.346673,-3.780345,-3.780345,-3.545386,-3.45371,-3.374829,-3.246893,-3.148814
16,CAF009,493574.5508,5180572.871,Palouse,Ap,0,20,20,1.36,4.32,1,1,-7.744252,-7.649248,-7.560458,-7.48106,-7.412498,-7.297933,-7.202825,-6.954743,-6.949764,-6.954199,-6.955301,-6.950809,-6.930113,-6.901259,-6.814573,-6.820041,-6.824567,-6.82426,-6.82032,-6.805309,-6.806698,-6.806698,-6.803614,-6.797755,-6.790039,-6.771051,-6.749512
21,CAF011,493638.3683,5180571.025,Palouse,Ap,0,24,24,1.41,4.68,1,1,1.069836,2.729168,3.836461,4.405429,4.7777,5.265141,5.58776,2.233462,2.66679,3.218751,3.635312,3.965119,4.462094,4.825161,3.481946,3.683666,3.972098,4.214803,4.422889,4.763431,4.004903,4.004903,4.440979,4.617274,4.77303,5.036796,5.252637
26,CAF013,493702.2,5180582.737,Naff,Ap,0,20,20,1.5,4.43,1,1,-3.969986,-4.063844,-4.318167,-4.498296,-4.624513,-4.786978,-4.886156,-4.158781,-4.22478,-4.324767,-4.411745,-4.486772,-4.60779,-4.700176,-4.39153,-4.435463,-4.501242,-4.558861,-4.609574,-4.694463,-4.511464,-4.511464,-4.616341,-4.65997,-4.698924,-4.765512,-4.820413
31,CAF015,493797.9223,5180576.303,Latah,Ap,0,13,13,1.28,4.34,1,1,-0.635055,-0.236076,0.345719,0.663858,0.852196,1.047143,1.129063,0.886991,0.753471,0.71445,0.735962,0.767839,0.822096,0.85512,0.913684,0.890949,0.877379,0.876188,0.878691,0.883288,0.919017,0.919017,0.902897,0.90046,0.898286,0.891885,0.881671
37,CAF017,493893.6615,5180586.206,Palouse,Ap,0,15,15,1.33,4.22,1,1,10.665049,9.635673,8.745132,8.132763,7.670498,7.007484,6.546717,8.833593,8.311728,7.75435,7.372196,7.079104,6.639391,6.312915,7.436374,7.223131,6.936822,6.70688,6.514545,6.204469,6.912215,6.912215,6.490422,6.32611,6.182412,5.940312,5.741705
42,CAF019,493246.5977,5180590.191,Latah,Ap,0,24,24,1.53,4.46,1,1,4.141771,2.72775,1.898477,1.508236,1.278615,1.03018,0.910908,2.91832,2.584346,2.207635,1.955162,1.773886,1.532617,1.3822,1.969889,1.858124,1.709975,1.595858,1.505738,1.373924,1.682948,1.682948,1.489795,1.420692,1.364024,1.277595,1.215934
49,CAF021,493309.2174,5180591.83,Staley,Ap,0,13,13,1.59,4.87,1,1,0.659715,0.385783,0.585777,0.755659,0.873635,1.022565,1.113471,1.293822,1.214129,1.156247,1.139079,1.138685,1.15582,1.178935,1.213559,1.206313,1.202586,1.204731,1.20989,1.223909,1.210563,1.210563,1.217837,1.224164,1.231107,1.245317,1.258774
55,CAF023,493371.4556,5180609.627,Palouse,Ap,0,13,13,1.51,,1,1,-0.983158,-1.775307,-2.710345,-3.264961,-3.638598,-4.127243,-4.445388,-1.74977,-2.08108,-2.549092,-2.92244,-3.224431,-3.682871,-4.016322,-2.898153,-3.081593,-3.345005,-3.566448,-3.755432,-4.061871,-3.402613,-3.402613,-3.797163,-3.955094,-4.093648,-4.326023,-4.514064
61,CAF025,493436.8807,5180614.469,Naff,Ap,0,14,14,1.36,4.36,1,1,-7.743554,-7.751224,-7.843507,-7.84664,-7.811783,-7.709823,-7.606083,-7.822206,-7.79045,-7.755196,-7.723333,-7.690703,-7.623643,-7.557855,-7.723255,-7.702735,-7.668909,-7.635372,-7.602342,-7.538816,-7.659447,-7.659447,-7.592996,-7.561008,-7.530069,-7.471692,-7.418154
67,CAF027,493502.3017,5180616.156,Palouse,Ap,0,24,24,1.32,4.29,1,1,-0.084264,0.70078,1.128107,1.330645,1.458124,1.617899,1.71721,0.485325,0.663739,0.875872,1.026826,1.141491,1.30661,1.421169,1.023719,1.091903,1.186722,1.264135,1.328763,1.43087,1.208809,1.208809,1.344061,1.39667,1.442087,1.516531,1.574873
73,CAF029,493564.5137,5180609.886,Staley,Ap,0,22,22,1.28,4.7,1,1,-5.82114,-6.840087,-7.25599,-7.37757,-7.427881,-7.473283,-7.500993,-6.930004,-7.068014,-7.212934,-7.303028,-7.364329,-7.442929,-7.492409,-7.324104,-7.359617,-7.405855,-7.441154,-7.469203,-7.511635,-7.416687,-7.416687,-7.47599,-7.497866,-7.516437,-7.546695,-7.570769
79,CAF031,493628.3346,5180611.596,Palouse,Ap,0,13,13,1.27,4.69,1,1,4.409955,3.79971,3.595015,3.571033,3.586172,3.634576,3.675584,4.131202,4.064557,3.999549,3.962712,3.939847,3.913802,3.899132,4.010822,3.995994,3.977257,3.963318,3.952359,3.935565,3.975344,3.975344,3.951931,3.94324,3.935693,3.922729,3.911423
85,CAF033,493692.1524,5180610.417,Staley,Ap,0,9,9,1.3,4.08,1,1,2.680176,2.551039,2.504442,2.50764,2.526342,2.571114,2.608821,2.454692,2.434866,2.425829,2.430485,2.440836,2.466518,2.491543,2.40411,2.411261,2.424828,2.439008,2.452913,2.478416,2.426943,2.426943,2.455016,2.468056,2.480166,2.501487,2.51918
91,CAF035,493755.9527,5180592.46,Naff,Ap,0,11,11,1.46,4.86,1,1,6.918029,8.644677,9.337711,9.476203,9.466718,9.324146,9.148198,8.31978,8.516313,8.697904,8.781328,8.812494,8.797232,8.735798,8.760723,8.779454,8.787184,8.775783,8.752568,8.686912,8.783738,8.783738,8.743227,8.711337,8.675496,8.597985,8.518375
98,CAF037,493819.788,5180608.062,Latah,Ap,0,14,14,1.45,4.98,1,1,-6.633589,-5.116349,-3.762539,-2.959495,-2.410647,-1.693004,-1.237022,-4.193133,-3.731013,-3.138692,-2.69126,-2.338777,-1.814684,-1.440495,-2.619547,-2.409632,-2.113098,-1.867418,-1.659999,-1.327834,-2.042231,-2.042231,-1.609304,-1.438378,-1.289536,-1.042398,-0.844938
105,CAF039,493883.6204,5180621.22,Latah,Ap,0,17,17,1.32,5.04,1,1,-0.702292,-0.894031,-1.091777,-1.215191,-1.302929,-1.424356,-1.508084,-1.291209,-1.341749,-1.412302,-1.468573,-1.514258,-1.584149,-1.635576,-1.499557,-1.525883,-1.563709,-1.595576,-1.62285,-1.667265,-1.573827,-1.573827,-1.630382,-1.653132,-1.673143,-1.706776,-1.733959
111,CAF041,493947.432,5180613.932,Palouse,Ap,0,11,11,1.14,4.53,1,1,5.337239,5.063767,4.839154,4.671825,4.536631,4.332696,4.18826,6.046889,5.892567,5.676206,5.496733,5.344562,5.099676,4.911186,5.610812,5.516502,5.376525,5.254425,5.146997,4.966911,5.355602,5.355602,5.1327,5.039952,4.957112,4.815677,4.699783
116,CAF043,493257.9566,5180626.446,Latah,Ap,0,17,17,1.45,4.26,1,1,3.477506,2.847272,2.578364,2.509158,2.488491,2.485947,2.497665,2.641704,2.581313,2.525663,2.499108,2.487384,2.485406,2.496601,2.472875,2.467557,2.464935,2.467315,2.472796,2.489101,2.463463,2.463463,2.473328,2.481374,2.4906,2.511239,2.533529
122,CAF045,493323.2034,5180641.411,Palouse,Ap,0,15,15,1.46,4.25,1,1,-9.84135,-10.082397,-10.257767,-10.28068,-10.243186,-10.105596,-9.948534,-10.128692,-10.095563,-10.036858,-9.974431,-9.910015,-9.780527,-9.655081,-9.949955,-9.91222,-9.848694,-9.785307,-9.722768,-9.601796,-9.830839,-9.830839,-9.705748,-9.64501,-9.585838,-9.472599,-9.366286
128,CAF047,493385.6199,5180649.64,Palouse,Ap,0,20,20,1.33,,1,1,-1.435384,-0.314173,0.450537,0.81798,1.043681,1.324481,1.508237,0.055621,0.263426,0.52683,0.725442,0.883587,1.126531,1.311423,0.754294,0.847383,0.981387,1.095705,1.195541,1.364528,1.015599,1.015599,1.22177,1.307919,1.385979,1.52368,1.643222
133,CAF049,493449.4233,5180635.68,Palouse,Ap,0,24,24,1.22,5.03,1,1,3.14021,2.702375,2.35938,2.210388,2.146811,2.133444,2.184578,2.197882,2.153901,2.111406,2.095941,2.09845,2.136093,2.197573,2.076708,2.078849,2.091933,2.113675,2.141441,2.208297,2.096096,2.096096,2.148569,2.181375,2.216832,2.292544,2.371296
140,CAF051,493514.0376,5180631.032,Palouse,Ap,0,15,15,1.24,4.32,1,1,-1.914988,-1.704642,-1.263172,-0.893265,-0.586667,-0.101707,0.273541,-0.606656,-0.474941,-0.273627,-0.092088,0.073063,0.364453,0.615894,-0.034488,0.062951,0.214294,0.353836,0.483384,0.717809,0.252882,0.252882,0.516495,0.635257,0.746803,0.9515,1.135804
146,CAF053,493577.0617,5180636.431,Palouse,Ap,0,16,16,1.26,4.17,1,1,7.120888,6.478395,5.774605,5.32479,5.003481,4.560008,4.25811,6.14794,5.913052,5.587438,5.324355,5.106519,4.763905,4.503931,5.294748,5.166099,4.977796,4.815721,4.674368,4.438781,4.931378,4.931378,4.639353,4.518804,4.411248,4.227104,4.074805
152,CAF055,493640.8785,5180634.585,Palouse,Ap,0,17,17,1.24,4.48,1,1,3.27457,4.643355,5.805559,6.460875,6.89565,7.446303,7.781939,4.955918,5.364309,5.881411,6.266414,6.565747,7.002705,7.306597,6.193133,6.380424,6.641767,6.855239,7.03301,7.311989,6.691657,6.691657,7.066389,7.211114,7.335361,7.537241,7.693581
157,CAF057,493704.7095,5180646.296,Staley,Ap,0,22,22,1.33,4.58,1,1,-0.214999,-0.00743,-0.030644,-0.110439,-0.202043,-0.389146,-0.566533,-0.332316,-0.337059,-0.380494,-0.442973,-0.512355,-0.654452,-0.791155,-0.493956,-0.534491,-0.603639,-0.672743,-0.7406,-0.870583,-0.624662,-0.624662,-0.7606,-0.825953,-0.889177,-1.00908,-1.120556
162,CAF059,493770.7974,5180636.942,Palouse,Ap,0,17,17,1.23,4.24,1,1,-9.266015,-9.301246,-9.221223,-9.167863,-9.135851,-9.09966,-9.075293,-9.293689,-9.290357,-9.272514,-9.250034,-9.22693,-9.182487,-9.14094,-9.248335,-9.234673,-9.21211,-9.190131,-9.168814,-9.127945,-9.205782,-9.205782,-9.162819,-9.142262,-9.122219,-9.083388,-9.045858
168,CAF061,493832.3237,5180623.828,Naff,Ap,0,15,15,1.32,5.4,1,1,-0.040589,0.727658,1.379765,1.774537,2.049113,2.412337,2.644157,0.691238,0.90128,1.188695,1.42025,1.611758,1.911368,2.135833,1.395543,1.508073,1.672855,1.814534,1.937751,2.141789,1.706162,1.706162,1.961519,2.066299,2.159315,2.317295,2.446545
176,CAF063,493896.169,5180649.766,Naff,Ap,0,15,15,1.05,4.32,1,1,-5.490871,-6.012558,-6.123186,-6.078047,-6.010992,-5.884549,-5.781619,-5.687727,-5.746786,-5.788383,-5.794933,-5.785226,-5.746536,-5.700813,-5.76664,-5.762735,-5.749414,-5.731351,-5.711052,-5.668651,-5.743407,-5.743407,-5.703953,-5.682766,-5.66163,-5.620836,-5.582932
182,CAF065,493959.9746,5180636.922,Thatuna,Ap,0,16,16,1.3,4.15,1,1,-4.035094,-4.440659,-4.81509,-5.071685,-5.267327,-5.554824,-5.761975,-5.014563,-5.129129,-5.284883,-5.412619,-5.521529,-5.700894,-5.845028,-5.463535,-5.525798,-5.619221,-5.702187,-5.776729,-5.906017,-5.644327,-5.644327,-5.79688,-5.86258,-5.922689,-6.029149,-6.120943
188,CAF067,494023.7952,5180638.747,Thatuna,Ap,0,15,15,1.16,4.27,1,1,6.057349,5.335684,4.633875,4.196933,3.889907,3.483626,3.230902,5.232877,4.996297,4.67749,4.427142,4.22568,3.92319,3.709846,4.445059,4.32538,4.154478,4.012112,3.892206,3.70319,4.116117,4.116117,3.866029,3.768517,3.684946,3.550709,3.449789
195,CAF069,493296.5399,5180655.406,Thatuna,Ap,0,17,17,1.4,4.28,1,1,-3.336077,-4.586022,-5.26315,-5.53268,-5.664961,-5.766563,-5.778464,-4.247861,-4.534837,-4.852636,-5.054679,-5.189347,-5.344909,-5.4177,-5.004391,-5.091356,-5.199747,-5.275667,-5.328974,-5.391032,-5.217913,-5.217913,-5.336456,-5.370309,-5.392991,-5.414952,-5.416362
202,CAF071,493360.3768,5180672.003,Staley,Ap,0,13,13,1.5,4.42,1,1,4.349529,4.4887,4.227991,3.957383,3.740083,3.433475,3.235199,3.645027,3.6336,3.580357,3.512452,3.443313,3.318008,3.21528,3.465874,3.429801,3.370943,3.315695,3.264967,3.177304,3.354618,3.354618,3.251713,3.207112,3.166851,3.097932,3.042038
208,CAF073,493421.8027,5180680.044,Staley,Ap,0,10,10,1.32,,1,1,4.314896,3.842269,3.167524,2.68373,2.322438,1.812867,1.464515,3.100059,2.915934,2.6439,2.410534,2.209055,1.879169,1.619991,2.376652,2.258924,2.082791,1.927712,1.790004,1.555819,2.039516,2.039516,1.756181,1.636608,1.528726,1.341527,1.184392
215,CAF075,493488.0228,5180680.531,Thatuna,Ap,0,18,18,1.26,4.36,1,1,-0.464059,0.89594,1.845685,2.336713,2.656837,3.076927,3.361851,0.953479,1.32233,1.785091,2.130378,2.402669,2.814991,3.12238,2.178342,2.340906,2.572882,2.768512,2.937363,3.218275,2.632181,2.632181,2.981955,3.125501,3.254076,3.477189,3.666882
222,CAF077,493551.8335,5180673.461,Palouse,Ap,0,18,18,1.21,4.53,1,1,-2.236863,-2.338665,-2.838976,-3.188421,-3.417678,-3.671246,-3.781386,-2.715906,-2.793069,-2.9168,-3.021155,-3.104679,-3.219982,-3.285218,-3.044415,-3.088845,-3.150095,-3.197474,-3.233342,-3.278363,-3.165076,-3.165076,-3.241389,-3.265236,-3.281766,-3.297777,-3.297094
228,CAF079,493615.6537,5180675.171,Thatuna,Ap,0,10.5,10.5,1.22,3.95,1,1,1.235333,2.051383,2.657336,2.965785,3.162848,3.415919,3.583524,2.016866,2.21126,2.467257,2.666494,2.827995,3.078377,3.267901,2.691239,2.785911,2.923278,3.04092,3.143512,3.315603,2.958609,2.958609,3.170297,3.258114,3.337017,3.474032,3.59011
235,CAF081,493679.4708,5180673.992,Thatuna,Ap,0,10,10,1.23,4.16,1,1,0.118542,-0.086507,0.229399,0.570774,0.864924,1.332298,1.691166,1.154494,1.197781,1.320501,1.463678,1.60843,1.880559,2.122562,1.564743,1.646103,1.779385,1.90722,2.028524,2.251432,1.820064,1.820064,2.064803,2.177366,2.283701,2.479464,2.655701
241,CAF083,493743.2704,5180656.035,Palouse,Ap,0,19,19,1.43,4.39,1,1,3.60608,3.432129,3.483444,3.581214,3.679481,3.859494,4.017577,3.956002,4.00405,4.081301,4.153745,4.221611,4.345738,4.457411,4.218819,4.257861,4.320034,4.378886,4.434783,4.538964,4.340332,4.340332,4.453007,4.505441,4.555614,4.64999,4.737489
247,CAF085,493807.105,5180671.637,Palouse,Ap,0,12,12,1.24,4.53,1,1,-4.92091,-4.475674,-3.6564,-3.044487,-2.589254,-1.959287,-1.539523,-2.810289,-2.677411,-2.453679,-2.244525,-2.054989,-1.731554,-1.468547,-2.172477,-2.06625,-1.901968,-1.7529,-1.617567,-1.381787,-1.858659,-1.858659,-1.582522,-1.462635,-1.352925,-1.159163,-0.993098
253,CAF087,493870.9368,5180684.795,Naff,Ap,0,15,15,1.4,4.17,1,1,4.061326,4.828474,5.301984,5.496481,5.58964,5.654342,5.652157,4.867484,4.987258,5.123878,5.21016,5.265107,5.319691,5.33286,5.218069,5.24859,5.284291,5.30594,5.317497,5.320298,5.29327,5.29327,5.320597,5.322988,5.320321,5.304338,5.279053
259,CAF089,493935.2029,5180676.141,Palouse,Ap,0,13,13,1.33,4.27,1,1,1.8551,2.978518,3.966975,4.543698,4.929541,5.419029,5.719603,0.985091,1.502658,2.178477,2.698865,3.114621,3.740833,4.191952,1.058227,1.401379,1.890584,2.299529,2.646994,3.206557,0.943256,0.943256,1.823086,2.172591,2.477541,2.984271,3.388385
265,CAF091,493998.5585,5180669.998,Naff,Ap,0,22,22,1.31,4.79,1,1,5.497198,4.954995,4.400605,3.978324,3.639023,3.119459,2.732855,3.522709,3.353368,3.121517,2.925536,2.754361,2.465791,2.228971,2.76576,2.675898,2.536505,2.408961,2.291955,2.084618,2.489097,2.489097,2.25447,2.150369,2.053823,1.880091,1.727668
271,CAF093,494062.3704,5180663.489,Thatuna,Ap,0,18,18,1.26,4.33,1,1,9.561191,8.143881,6.801487,5.950823,5.351332,4.556117,4.051097,7.742248,7.377792,6.836806,6.385113,6.005533,5.404737,4.950747,6.322261,6.11906,5.811524,5.541274,5.303036,4.903393,5.751795,5.751795,5.265668,5.063632,4.882668,4.572063,4.315038
277,CAF095,493276.7264,5180689.078,Latah,Ap,0,10,10,1.39,4.23,1,1,0.942744,1.878199,2.816092,3.394412,3.790853,4.302646,4.620932,0.012256,0.468061,1.084614,1.574079,1.973433,2.587639,3.038846,-0.179933,0.154206,0.635742,1.042772,1.391716,1.959458,-0.393986,-0.393986,0.49225,0.848212,1.160571,1.683231,2.10327
285,CAF097,493339.9564,5180706.363,Thatuna,Ap,0,12,12,1.3,4.27,1,1,-3.65848,-2.55021,-1.899356,-1.668368,-1.574401,-1.529404,-1.549441,-1.950302,-1.846013,-1.727456,-1.656808,-1.616456,-1.587986,-1.596279,-1.558026,-1.540238,-1.522762,-1.517577,-1.520975,-1.543845,-1.470564,-1.470564,-1.47954,-1.491586,-1.507289,-1.54562,-1.58896
292,CAF099,493403.7819,5180713.182,Staley,Ap,0,18,18,1.3,4.77,1,1,0.377176,-0.034139,-0.563692,-0.949564,-1.255142,-1.725295,-2.080426,-0.402241,-0.609333,-0.90136,-1.146059,-1.356957,-1.707507,-1.991688,-1.121764,-1.253969,-1.450441,-1.623609,-1.778513,-2.046364,-1.489198,-1.489198,-1.810285,-1.947596,-2.072951,-2.294668,-2.485816
300,CAF101,493467.5846,5180699.222,Palouse,Ap,0,16,16,1.39,4.72,1,1,0.248764,1.478646,2.094972,2.294448,2.363105,2.365365,2.307965,1.320283,1.482681,1.652931,1.753271,1.813915,1.869927,1.880077,1.819715,1.849288,1.880816,1.897659,1.904558,1.899256,1.898273,1.898273,1.916992,1.914986,1.908447,1.886194,1.856284
306,CAF103,493531.3986,5180695.374,Thatuna,Ap,0,14,14,1.31,4.86,1,1,-10.109447,-9.873679,-9.851112,-9.842687,-9.821207,-9.755611,-9.680188,-9.727447,-9.817651,-9.766009,-9.70442,-9.651922,-9.568592,-9.503002,-9.287297,-9.401104,-9.423574,-9.409878,-9.389306,-9.346687,-8.961583,-8.961583,-9.251361,-9.250746,-9.241809,-9.217468,-9.192238
313,CAF105,493595.2216,5180699.973,Thatuna,Ap,0,20,20,1.42,5.03,1,1,6.919157,6.231329,5.911058,5.744399,5.609504,5.377119,5.17801,6.167678,5.996238,5.789112,5.627769,5.4927,5.270001,5.086959,5.741864,5.635743,5.499409,5.383396,5.279822,5.098493,5.596758,5.596758,5.320527,5.222612,5.133461,4.97396,4.833315
320,CAF107,493659.0377,5180698.127,Thatuna,Ap,0,23,23,1.52,5.01,1,1,-1.447227,-2.146325,-2.775235,-3.170226,-3.460459,-3.880968,-4.184739,-2.30235,-2.506549,-2.795106,-3.035952,-3.241912,-3.579903,-3.849597,-3.028951,-3.15044,-3.332793,-3.494395,-3.639117,-3.888866,-3.373224,-3.373224,-3.670945,-3.798472,-3.914753,-4.119781,-4.295641
327,CAF109,493725.5766,5180706.699,Thatuna,Ap,0,30,30,1.17,4.75,1,1,-1.179964,-1.573123,-1.470814,-1.300509,-1.161078,-0.977652,-0.878828,-1.399902,-1.466681,-1.493144,-1.475436,-1.442456,-1.369954,-1.308248,-1.582954,-1.564294,-1.527543,-1.489398,-1.453009,-1.389972,-1.549041,-1.549041,-1.472832,-1.438967,-1.408707,-1.358861,-1.321751
333,CAF111,493786.6792,5180703.217,Naff,Ap,0,23,23,1.39,4.68,1,1,-2.673248,-3.538106,-4.109135,-4.356842,-4.477581,-4.564705,-4.573579,-4.623718,-4.631905,-4.640641,-4.641017,-4.63632,-4.619483,-4.599323,-4.737945,-4.72084,-4.696476,-4.675028,-4.655748,-4.622467,-4.682692,-4.682692,-4.645019,-4.62694,-4.610587,-4.582585,-4.559998
340,CAF113,493851.8467,5180685.551,Naff,Ap,0,17.5,17.5,1.36,4.57,1,1,-4.060131,-3.171994,-2.613835,-2.371049,-2.248005,-2.154462,-2.148209,-3.152778,-3.014558,-2.855323,-2.750395,-2.67952,-2.599614,-2.567894,-2.73898,-2.698458,-2.647248,-2.61232,-2.58946,-2.568807,-2.621013,-2.621013,-2.576228,-2.564421,-2.558935,-2.561932,-2.57771
346,CAF115,493915.6912,5180711.488,Naff,Ap,0,22,22,1.47,4.74,1,1,-0.998986,-0.899225,-1.068638,-1.287507,-1.487422,-1.814284,-2.066826,-1.309162,-1.386165,-1.510813,-1.628788,-1.739032,-1.936533,-2.106782,-1.664542,-1.730774,-1.834114,-1.929493,-2.017763,-2.175883,-1.86158,-1.86158,-2.041548,-2.12184,-2.196578,-2.331593,-2.450317
352,CAF117,493978.1305,5180700.466,Naff,Ap,0,21,21,1.25,4.53,1,1,-1.874814,-1.700843,-1.198916,-0.747716,-0.3887,0.119036,0.446876,0.208729,0.239851,0.314853,0.398293,0.479508,0.622304,0.736299,0.596987,0.621398,0.667917,0.715728,0.761484,0.842345,0.707662,0.707662,0.791345,0.82994,0.865331,0.926144,0.974706
358,CAF119,494044.2265,5180700.47,Naff,Ap,0,20,20,1.33,4.83,1,1,4.393306,5.049964,5.357758,5.44971,5.484275,5.504249,5.503933,5.612474,5.670038,5.722928,5.745946,5.75308,5.743698,5.71983,5.819082,5.818665,5.81274,5.802167,5.788678,5.756877,5.816152,5.816152,5.789096,5.773417,5.756779,5.721925,5.686221
365,CAF121,494105.7794,5180713.451,Naff,Ap,0,20,20,1.34,,1,1,3.796573,3.123637,2.530536,2.167865,1.904395,1.519088,1.231418,2.858104,2.627768,2.317793,2.069629,1.863002,1.531078,1.268946,2.029551,1.906825,1.725665,1.567496,1.427075,1.185809,1.677934,1.677934,1.390101,1.267506,1.1557,0.957619,0.785735
372,CAF123,493337.2435,5180738.147,Latah,Ap,0,18,18,1.41,4.06,1,1,-2.933177,-2.877639,-2.792473,-2.748823,-2.725997,-2.709023,-2.710236,-3.561817,-3.468511,-3.352317,-3.269189,-3.207892,-3.126551,-3.078809,-3.33154,-3.291091,-3.236341,-3.194009,-3.161011,-3.114982,-3.222664,-3.222664,-3.153627,-3.129359,-3.110326,-3.084151,-3.069477
378,CAF125,493401.0687,5180744.966,Thatuna,Ap,0,16,16,1.41,4.44,1,1,-2.521357,-3.104063,-3.496862,-3.715539,-3.87135,-4.098358,-4.26807,-3.092584,-3.261632,-3.47578,-3.640896,-3.775814,-3.989749,-4.157497,-3.650806,-3.731537,-3.849101,-3.950983,-4.041117,-4.195709,-3.878729,-3.878729,-4.064044,-4.142404,-4.213842,-4.340516,-4.450698
384,CAF127,493466.0706,5180730.206,Staley,Ap,0,26,26,1.27,4.74,1,1,-0.162468,0.29015,0.58148,0.682242,0.708301,0.67229,0.596021,0.557313,0.564362,0.568342,0.560528,0.54396,0.495674,0.438326,0.621157,0.603502,0.573079,0.541521,0.509295,0.44461,0.581628,0.581628,0.513932,0.480345,0.447246,0.383151,0.322448
389,CAF129,493528.6847,5180727.158,Thatuna,Ap,0,23,23,1.34,4.8,1,1,-7.028086,-8.132777,-8.489209,-8.532115,-8.50152,-8.388601,-8.268084,-7.278904,-7.602528,-7.857319,-7.965009,-8.008561,-8.012933,-7.97249,-7.700976,-7.763734,-7.821389,-7.845021,-7.849329,-7.827392,-7.776781,-7.776781,-7.810022,-7.804822,-7.792113,-7.753883,-7.707153
395,CAF131,493592.5074,5180731.757,Thatuna,Ap,0,16,16,1.38,4.44,1,1,-0.918325,-2.962835,-4.605461,-5.503093,-6.085916,-6.814569,-7.263326,-4.613545,-5.001671,-5.509164,-5.900014,-6.213111,-6.689245,-7.039641,-6.066181,-6.240782,-6.491564,-6.703569,-6.886064,-7.186488,-6.561276,-6.561276,-6.936461,-7.088961,-7.224297,-7.455301,-7.646838
401,CAF133,493656.3232,5180729.911,Thatuna,Ap,0,28,28,1.37,4.62,1,1,6.754915,7.979737,8.951573,9.427063,9.685505,9.912309,9.971032,8.546499,8.777056,9.037901,9.207955,9.32271,9.454139,9.51116,9.251345,9.317278,9.397674,9.451787,9.487447,9.522082,9.422069,9.422069,9.501938,9.520971,9.530817,9.531327,9.515162
407,CAF135,493720.1532,5180741.623,Palouse,Ap,0,18,18,1.16,4.27,1,1,0.314344,0.959619,1.419648,1.641195,1.771755,1.921538,2.009593,-0.291047,0.037049,0.438654,0.726192,0.942274,1.245848,1.449893,0.220745,0.388716,0.619608,0.805012,0.957298,1.193142,0.535237,0.535237,0.879472,1.01044,1.122248,1.303492,1.444663
413,CAF137,493782.1431,5180736.366,Naff,Ap,0,15,15,1.44,4.31,1,1,-0.407835,0.190492,0.762899,1.133218,1.401355,1.775051,2.032237,-0.030967,0.230868,0.570237,0.836087,1.054063,1.396228,1.657249,0.501751,0.651886,0.869866,1.056534,1.219045,1.490159,0.847917,0.847917,1.194833,1.337902,1.465712,1.685387,1.868561
419,CAF139,493847.7654,5180719.155,Naff,Ap,0,21,21,1.51,4.61,1,1,-1.997902,-2.693684,-3.500891,-4.003286,-4.350168,-4.812157,-5.119427,-3.6038,-3.812969,-4.104787,-4.342423,-4.540781,-4.856827,-5.101878,-4.436988,-4.549034,-4.715001,-4.859508,-4.987098,-5.204168,-4.761521,-4.761521,-5.021726,-5.131743,-5.231428,-5.406403,-5.556555
424,CAF141,493911.6096,5180745.093,Naff,Ap,0,9,9,1.4,4.32,1,1,-3.194177,-2.509191,-1.830128,-1.400713,-1.098694,-0.700322,-0.451999,-2.372885,-2.17345,-1.899793,-1.678528,-1.495408,-1.210228,-0.999697,-1.663057,-1.554303,-1.396601,-1.262514,-1.147217,-0.959859,-1.355895,-1.355895,-1.116058,-1.019658,-0.935342,-0.795634,-0.685694
430,CAF143,493976.78,5180731.339,Naff,Ap,0,21,21,1.35,4.47,1,1,1.949453,2.501384,2.934144,3.142781,3.263262,3.39749,3.474021,2.554084,2.699597,2.889066,3.030207,3.138202,3.291128,3.393646,2.773365,2.85444,2.967781,3.060021,3.136356,3.255106,2.900673,2.900673,3.076071,3.143409,3.201024,3.294454,3.367049
437,CAF145,494039.2338,5180734.075,Naff,Ap,0,14,14,1.39,4.23,1,1,4.658584,5.192802,5.643585,5.887257,6.042742,6.236554,6.359848,4.668028,4.853043,5.112997,5.320401,5.488442,5.744261,5.93125,5.132083,5.240907,5.39901,5.533263,5.64866,5.837278,5.398007,5.398007,5.642811,5.741905,5.829315,5.976951,6.097516
443,CAF147,494103.0625,5180745.235,Naff,Ap,0,10,10,1.43,4.38,1,1,-0.21195,0.010432,0.28666,0.413915,0.466965,0.473234,0.423377,0.218166,0.249234,0.282727,0.297496,0.298485,0.273469,0.227371,0.310316,0.308579,0.298461,0.281604,0.2599,0.207005,0.294371,0.294371,0.253442,0.227528,0.199354,0.138712,0.075071
449,CAF149,493350.8639,5180767.357,Palouse,Ap,0,16,16,1.17,4.02,1,1,0.900604,-0.170043,-0.787876,-0.977974,-1.024914,-0.980199,-0.889546,0.093644,-0.08059,-0.272882,-0.38987,-0.46197,-0.532208,-0.55303,-0.347665,-0.390564,-0.440711,-0.472258,-0.4914,-0.507217,-0.447638,-0.447638,-0.490868,-0.499631,-0.503351,-0.501631,-0.49362
455,CAF151,493417.8866,5180770.999,Palouse,Ap,0,15,15,1.34,4.47,1,1,-9.400074,-9.60965,-9.554218,-9.408201,-9.24445,-8.926773,-8.64558,-8.820878,-8.785808,-8.690475,-8.583359,-8.476731,-8.277162,-8.099176,-8.463664,-8.403737,-8.305716,-8.212031,-8.12339,-7.961057,-8.261964,-8.261964,-8.083799,-8.002122,-7.925154,-7.784089,-7.658084
460,CAF153,493478.5079,5180775.884,Palouse,Ap,0,18,18,1.27,,1,1,3.359567,3.477116,3.373161,3.30565,3.276356,3.279524,3.320737,3.364897,3.381382,3.401951,3.421511,3.442326,3.48815,3.537514,3.45805,3.469102,3.489192,3.510937,3.533859,3.581729,3.496895,3.496895,3.541963,3.565737,3.589916,3.63864,3.686914
465,CAF155,493542.3175,5180768.814,Thatuna,Ap,0,20,20,1.48,4.59,1,1,-6.186379,-5.344957,-4.576822,-4.101226,-3.762242,-3.296151,-2.981432,-4.416858,-4.243989,-3.996163,-3.787875,-3.609468,-3.317547,-3.086591,-3.693842,-3.59359,-3.443309,-3.310411,-3.191719,-2.987892,-3.401544,-3.401544,-3.158371,-3.054693,-2.960483,-2.795246,-2.654522
470,CAF157,493606.1367,5180770.524,Thatuna,Ap1,0,13,13,1.33,4.72,1,1,-4.792093,-4.773286,-4.49417,-4.265766,-4.084036,-3.806187,-3.595532,-4.279846,-4.214607,-4.097453,-3.983365,-3.876825,-3.68766,-3.525891,-3.952744,-3.890557,-3.792991,-3.702702,-3.619037,-3.468789,-3.76636,-3.76636,-3.596275,-3.520138,-3.449069,-3.319962,-3.205319
476,CAF159,493669.9528,5180769.345,Palouse,Ap,0,17,17,1.36,4.49,1,1,1.516965,1.00561,0.83428,0.831945,0.862219,0.930426,0.985933,1.174748,1.10712,1.040151,1.006686,0.991524,0.988071,1.000056,0.993032,0.984845,0.979026,0.979528,0.983854,0.998525,0.977517,0.977517,0.98456,0.99172,1.00006,1.018396,1.03726
481,CAF161,493733.7514,5180751.388,Thatuna,Ap,0,23,23,1.3,4.62,1,1,3.585376,3.073497,2.522808,2.193445,1.968965,1.677982,1.497636,2.928942,2.766084,2.538837,2.356396,2.207749,1.98158,1.818973,2.346247,2.258501,2.132308,2.026286,1.936182,1.791928,2.101463,2.101463,1.914113,1.839933,1.775589,1.670006,1.587674
487,CAF163,493797.585,5180766.989,Palouse,Ap,0,15,15,1.3,4.47,1,1,2.508167,3.372669,3.800544,3.926597,3.961507,3.942667,3.888919,2.719216,2.910647,3.124201,3.256462,3.340784,3.430353,3.465344,3.221336,3.272263,3.333981,3.375202,3.402403,3.430148,3.344959,3.344959,3.40578,3.42103,3.429894,3.434869,3.4294
492,CAF165,493861.4158,5180780.147,Palouse,Ap,0,25,25,1.43,4.94,1,1,-3.768598,-3.020216,-2.669026,-2.586343,-2.572745,-2.596201,-2.62908,-3.223709,-3.120189,-3.004395,-2.931969,-2.884767,-2.830964,-2.804224,-2.935659,-2.907559,-2.872614,-2.847986,-2.830256,-2.807559,-2.864546,-2.864546,-2.826145,-2.814231,-2.805299,-2.79326,-2.785892
497,CAF167,493925.2257,5180772.86,Palouse,Ap,0,17,17,1.42,5.05,1,1,-0.749495,-0.325502,-0.134663,-0.07552,-0.056101,-0.059446,-0.083663,0.093056,0.129535,0.13011,0.109094,0.082459,0.026985,-0.025792,0.070687,0.064824,0.046861,0.02446,0.000531,-0.047628,0.0272,0.0272,-0.013933,-0.036566,-0.059283,-0.103643,-0.145741
503,CAF169,493989.0354,5180765.35,Naff,Ap,0,20,20,1.37,4.65,1,1,-3.702029,-4.644001,-5.091558,-5.22427,-5.264886,-5.262322,-5.232293,-4.83062,-4.924722,-5.016045,-5.067032,-5.097149,-5.126363,-5.136754,-5.079556,-5.096285,-5.114955,-5.126308,-5.133195,-5.139643,-5.120038,-5.120038,-5.135644,-5.139072,-5.140985,-5.142398,-5.142528
508,CAF171,494052.8464,5180758.841,Naff,Ap,0,18,18,1.35,4.15,1,1,4.945417,4.526457,4.132143,3.878723,3.695309,3.4391,3.26284,4.828346,4.629656,4.382817,4.19498,4.043065,3.806553,3.626956,4.24035,4.144394,4.00679,3.88995,3.788639,3.619993,3.977046,3.977046,3.765997,3.679356,3.602015,3.469115,3.358323
513,CAF173,494116.657,5180751.889,Thatuna,Ap,0,19,19,1.63,4.34,1,1,6.294505,6.077942,5.885569,5.742803,5.629133,5.457898,5.334034,6.268874,6.148137,5.998472,5.8831,5.788192,5.637169,5.519907,5.870808,5.815548,5.734249,5.663442,5.600836,5.494381,5.70782,5.70782,5.580836,5.527123,5.478493,5.393557,5.321526
518,CAF175,493367.9983,5180799.119,Latah,Ap,0,20,20,1.38,4.28,1,1,-5.429819,-5.289146,-5.022649,-4.799686,-4.612107,-4.309394,-4.071833,-5.405367,-5.292948,-5.115857,-4.95487,-4.809099,-4.556202,-4.344492,-4.949355,-4.864044,-4.731516,-4.610149,-4.498752,-4.301482,-4.69654,-4.69654,-4.470029,-4.369955,-4.277404,-4.111719,-3.967663
525,CAF177,493431.822,5180805.16,Palouse,Ap,0,19,19,1.43,4.51,1,1,-6.29897,-5.112207,-4.686847,-4.592606,-4.577131,-4.606909,-4.651753,-5.673825,-5.44262,-5.209238,-5.074486,-4.991435,-4.903313,-4.865038,-5.097203,-5.042722,-4.978308,-4.935512,-4.906553,-4.873426,-4.975134,-4.975134,-4.907091,-4.888288,-4.875488,-4.861402,-4.856409
530,CAF179,493495.6416,5180807.646,Thatuna,Ap,0,20,20,1.41,,1,1,-9.310517,-9.305061,-9.243195,-9.173552,-9.112706,-9.018302,-8.950025,-9.310116,-9.226591,-9.142403,-9.086953,-9.045049,-8.982173,-8.934816,-9.098995,-9.070292,-9.03104,-8.998885,-8.971523,-8.926424,-9.023021,-9.023021,-8.965678,-8.942502,-8.921843,-8.886188,-8.856106
536,CAF181,493559.451,5180800.577,Thatuna,Ap,0,15,15,1.43,4.96,1,1,-4.53185,-4.535541,-4.762181,-4.899837,-4.987397,-5.091658,-5.14984,-5.716293,-5.615398,-5.525271,-5.478146,-5.450106,-5.418291,-5.399372,-5.539629,-5.518421,-5.491948,-5.472387,-5.457017,-5.433422,-5.48798,-5.48798,-5.455521,-5.443393,-5.432841,-5.414784,-5.399271
542,CAF183,493623.2698,5180802.287,Palouse,Ap,0,19,19,1.27,4.78,1,1,3.468736,3.204271,2.900412,2.692901,2.545169,2.356052,2.247167,3.326533,3.160917,2.954722,2.80448,2.690404,2.530277,2.425623,2.83895,2.766224,2.666907,2.588082,2.524399,2.429057,2.646245,2.646245,2.510977,2.461258,2.420001,2.356369,2.310666
547,CAF185,493687.0856,5180801.108,Thatuna,Ap,0,18,18,1.28,4.5,1,1,-5.184802,-7.357794,-8.459044,-8.908663,-9.159786,-9.439677,-9.595847,-6.799911,-7.227659,-7.754281,-8.124676,-8.39737,-8.770399,-9.012653,-8.198837,-8.341774,-8.54251,-8.70538,-8.839276,-9.045118,-8.61634,-8.61634,-8.885866,-8.989214,-9.077198,-9.218412,-9.326224
552,CAF187,493750.8839,5180783.151,Thatuna,Ap1,0,10,10,1.49,4.58,1,1,6.222781,4.947968,4.144065,3.672797,3.332509,2.851598,2.516811,4.378937,3.978122,3.541592,3.240288,3.009534,2.664994,2.410632,3.149646,3.009806,2.815884,2.65562,2.518934,2.294458,2.760683,2.760683,2.477422,2.363036,2.261479,2.087698,1.943151
559,CAF189,493814.7171,5180798.753,Palouse,Ap,0,13,13,1.5,4.33,1,1,-1.194805,-1.780568,-1.850747,-1.860821,-1.876059,-1.913935,-1.948026,-1.145754,-1.382543,-1.599045,-1.717486,-1.790858,-1.875352,-1.921439,-1.726922,-1.776317,-1.835079,-1.875569,-1.904818,-1.943444,-1.849315,-1.849315,-1.913905,-1.93425,-1.949866,-1.971707,-1.985566
565,CAF193,493942.3571,5180804.623,Palouse,Ap,0,19,19,1.36,4.55,1,1,4.701054,5.056478,5.135685,5.137324,5.132843,5.131201,5.138723,4.917623,4.98458,5.059936,5.106327,5.136577,5.173177,5.195436,5.120853,5.137715,5.159655,5.176232,5.189301,5.209182,5.166002,5.166002,5.193107,5.20321,5.211931,5.226685,5.239203
570,CAF195,494006.1666,5180797.114,Palouse,Ap,0,17,17,1.39,4.31,1,1,3.719656,4.542668,4.64515,4.537864,4.398558,4.131818,3.907237,3.119941,3.415158,3.623448,3.690049,3.697676,3.642957,3.556849,3.492923,3.531418,3.552371,3.543819,3.519922,3.451416,3.51637,3.51637,3.49113,3.461491,3.427133,3.352721,3.277533
576,CAF197,494069.9772,5180790.605,Palouse,Ap,0,23,23,1.5,4.83,1,1,-3.98278,-2.285615,-1.534269,-1.273456,-1.154653,-1.066611,-1.052238,-3.77911,-3.151476,-2.558115,-2.219844,-2.004354,-1.75314,-1.619113,-2.515218,-2.324204,-2.098524,-1.944047,-1.83329,-1.689186,-2.122227,-2.122227,-1.850151,-1.766297,-1.702805,-1.615747,-1.56201
581,CAF199,494133.7875,5180783.653,Thatuna,Ap1,0,13,13,1.43,4.52,1,1,0.3312,1.670955,2.215076,2.404546,2.503166,2.612486,2.679443,0.948884,1.379313,1.820527,2.089212,2.269202,2.494432,2.629856,1.985161,2.114298,2.277906,2.398702,2.491506,2.62489,2.294263,2.294263,2.499694,2.571154,2.62953,2.719444,2.785841
587,CAF201,493416.666,5180836.958,Thatuna,Ap,0,23,23,1.44,4.59,1,1,-6.896099,-6.83738,-6.185957,-5.606191,-5.136487,-4.433092,-3.930046,-5.089413,-4.99614,-4.798645,-4.59255,-4.395096,-4.041896,-3.743521,-4.429734,-4.323412,-4.152967,-3.993487,-3.845594,-3.582466,-4.096293,-4.096293,-3.79804,-3.665182,-3.542247,-3.322701,-3.132903
592,CAF203,493480.4853,5180839.444,Thatuna,Ap1,0,17,17,1.38,4.73,1,1,0.837641,1.746961,2.259164,2.415371,2.461411,2.446671,2.38925,1.280576,1.434028,1.620658,1.742913,1.823323,1.910314,1.943271,1.658267,1.71286,1.779978,1.825394,1.85558,1.886157,1.784867,1.784867,1.854316,1.871875,1.881989,1.886948,1.878942
598,CAF205,493544.2943,5180832.374,Palouse,Ap1,0,18,18,1.52,4.88,1,1,3.605355,2.249718,1.330078,0.894875,0.643727,0.373666,0.23921,3.17952,2.823013,2.38716,2.070119,1.827662,1.480854,1.245497,2.376676,2.217183,1.994879,1.813688,1.663194,1.427969,2.003294,2.003294,1.680028,1.555394,1.44856,1.275281,1.141227
604,CAF207,493606.5134,5180835.683,Palouse,Ap,0,12,12,1.33,4.22,1,1,2.147771,2.206176,2.545016,2.876619,3.165796,3.630662,3.984747,2.033796,2.186075,2.432551,2.661215,2.869864,3.23168,3.531922,2.436306,2.571306,2.778842,2.966765,3.137484,3.435578,2.785645,2.785645,3.140327,3.294364,3.435409,3.684533,3.897627
610,CAF209,493671.9282,5180832.905,Naff,Ap,0,20,20,1.45,4.87,1,1,2.946751,2.179459,1.452468,1.020114,0.729336,0.359432,0.131249,2.070908,1.868892,1.587737,1.35938,1.169981,0.873006,0.649582,1.468377,1.351875,1.18165,1.035445,0.908244,0.697061,1.162347,1.162347,0.896677,0.787502,0.690354,0.524552,0.387763
616,CAF211,493735.7261,5180814.947,Thatuna,Ap,0,28,28,1.39,4.81,1,1,-10.594775,-9.007032,-7.814304,-7.160561,-6.726786,-6.168676,-5.81617,-7.938438,-7.608985,-7.187235,-6.867574,-6.614217,-6.233657,-5.958166,-6.874749,-6.722718,-6.506549,-6.325918,-6.172139,-5.923043,-6.463508,-6.463508,-6.142004,-6.013539,-5.900861,-5.71193,-5.559156
621,CAF213,493799.5591,5180830.549,Thatuna,Ap,0,24,24,1.48,5.14,1,1,-8.080528,-7.936219,-7.919008,-7.957186,-8.000566,-8.072871,-8.123242,-7.840464,-7.875207,-7.921231,-7.957724,-7.987367,-8.03159,-8.06128,-7.953945,-7.972938,-7.999428,-8.020835,-8.038218,-8.0637,-8.004033,-8.004033,-8.041191,-8.05463,-8.065434,-8.080722,-8.089498
627,CAF215,493859.7475,5180844.162,Palouse,Ap1,0,13,13,1.39,3.91,1,1,6.534265,6.366551,6.181146,6.009963,5.85904,5.612278,5.421058,5.498191,5.458457,5.392928,5.329409,5.269068,5.159596,5.06482,5.279949,5.245582,5.191196,5.140403,5.093081,5.008051,5.175828,5.175828,5.079677,5.036563,4.996444,4.924266,4.861421
633,CAF217,493927.1984,5180836.419,Palouse,Ap,0,17,17,1.18,4.52,1,1,7.866378,6.909998,6.115984,5.676629,5.393613,5.05005,4.850838,6.657124,6.445615,6.166833,5.951167,5.778753,5.51968,5.334093,5.954951,5.854451,5.710797,5.590501,5.488237,5.323669,5.681095,5.681095,5.468139,5.383448,5.309574,5.186979,5.089476
638,CAF219,493991.0075,5180828.91,Palouse,Ap,0,23,23,1.27,4.74,1,1,4.01838,3.191425,2.445577,2.00154,1.69198,1.271542,0.989843,2.383019,2.204301,1.955853,1.752824,1.582808,1.312197,1.105075,1.676265,1.579468,1.436805,1.313102,1.204622,1.023009,1.398651,1.398651,1.175231,1.0825,0.999648,0.857873,0.741123
643,CAF221,494054.8177,5180822.401,Palouse,Ap,0,28,28,1.33,4.76,1,1,-0.698915,-0.488313,-0.471106,-0.440762,-0.390084,-0.268111,-0.145997,-0.003123,0.017343,0.040723,0.062894,0.087345,0.142936,0.203356,0.114461,0.128737,0.153859,0.180516,0.208303,0.265604,0.162496,0.162496,0.217667,0.246283,0.275124,0.332522,0.388517
648,CAF223,494118.6277,5180815.449,Palouse,Ap,0,17,17,1.45,4.56,1,1,-9.932976,-8.636161,-7.589459,-7.039403,-6.682524,-6.214805,-5.897424,-7.963762,-7.654187,-7.251627,-6.941614,-6.69191,-6.306735,-6.016294,-6.892323,-6.741964,-6.526024,-6.342842,-6.184199,-5.920089,-6.475678,-6.475678,-6.145804,-6.010323,-5.889211,-5.680285,-5.504789
654,CAF225,493412.6587,5180872.077,Palouse,Ap,0,16,16,1.26,4.86,1,1,-4.026734,-4.292814,-4.178775,-3.976011,-3.777069,-3.434914,-3.161574,-3.683026,-3.654149,-3.573881,-3.477811,-3.37816,-3.185614,-3.010671,-3.406487,-3.350776,-3.258205,-3.168121,-3.081716,-2.921371,-3.229786,-3.229786,-3.055994,-2.975132,-2.898427,-2.756877,-2.629631
659,CAF227,493478.459,5180856.118,Palouse,Ap,0,21,21,1.52,4.9,1,1,3.885742,3.1804,2.739854,2.542217,2.438546,2.35831,2.355911,3.039785,2.951041,2.849927,2.785641,2.744777,2.706011,2.70071,2.781185,2.760031,2.736373,2.723451,2.718297,2.723766,2.731301,2.731301,2.717812,2.719868,2.725869,2.746107,2.773351
664,CAF229,493540.2721,5180854.27,Naff,Ap,0,24,24,1.47,,1,1,11.304159,10.508079,9.720087,9.291448,9.019438,8.690083,8.496553,9.704096,9.541523,9.313526,9.133363,8.989184,8.774143,8.621938,9.097921,9.012894,8.892223,8.792236,8.708121,8.574574,8.865159,8.865159,8.688941,8.61995,8.560292,8.462337,8.385298
669,CAF231,493604.0934,5180858.868,Palouse,Ap1,0,11,11,1.56,4.94,1,1,7.610607,7.248983,6.967946,6.836608,6.761984,6.683845,6.647565,6.928087,6.887002,6.833973,6.795733,6.76788,6.732231,6.712868,6.786616,6.771259,6.751144,6.736242,6.725224,6.7114,6.747105,6.747105,6.723215,6.715839,6.710615,6.70494,6.70376
675,CAF233,493667.9079,5180857.023,Staley,Ap,0,24,24,1.35,4.82,1,1,1.812942,3.242691,3.767722,3.822512,3.765175,3.574882,3.37849,2.4211,2.564335,2.697531,2.754189,2.769147,2.737761,2.671314,2.744111,2.747875,2.738654,2.716561,2.686595,2.61456,2.743462,2.743462,2.683149,2.646406,2.607704,2.528326,2.449917
680,CAF235,493731.7365,5180868.735,Palouse,Ap,0,20,20,1.22,4.51,1,1,-2.488966,-4.196654,-4.986726,-5.325919,-5.544985,-5.853546,-6.083776,-3.913092,-4.451153,-5.010785,-5.367166,-5.621081,-5.97247,-6.215769,-5.227796,-5.422449,-5.674502,-5.868157,-6.024154,-6.265512,-5.688298,-5.688298,-6.037098,-6.166804,-6.277734,-6.460243,-6.606857
685,CAF237,493798.2411,5180860.384,Palouse,Ap,0,18,18,1.51,4.32,1,1,5.776464,4.84178,3.965238,3.337991,2.843269,2.099316,1.560578,3.018417,2.754599,2.389368,2.086346,1.827188,1.401912,1.063996,1.954687,1.805759,1.583056,1.38636,1.210785,0.909525,1.524335,1.524335,1.163804,1.010265,0.870874,0.626861,0.419777
690,CAF239,493858.4356,5180848.088,Palouse,Ap,0,14,14,1.31,4.27,1,1,-9.145972,-7.985823,-7.630734,-7.571906,-7.564337,-7.566486,-7.559429,-8.469075,-8.268107,-8.05965,-7.93171,-7.844793,-7.731414,-7.656643,-7.93353,-7.877331,-7.804197,-7.748009,-7.702781,-7.632487,-7.788237,-7.788237,-7.691848,-7.655445,-7.623931,-7.570925,-7.526797
696,CAF241,493923.1888,5180872.205,Palouse,Ap,0,23,23,1.35,4.42,1,1,9.996573,8.651695,7.569908,6.996437,6.631557,6.179376,5.898295,8.463751,8.165722,7.761564,7.441962,7.182036,6.78184,6.484595,7.601579,7.438121,7.201822,7.001054,6.827772,6.542196,7.178189,7.178189,6.813505,6.665079,6.533491,6.309543,6.12491
701,CAF243,493986.9922,5180859.362,Palouse,Ap,0,26,26,1.16,4.52,1,1,-5.583469,-5.184952,-5.024266,-4.97022,-4.947354,-4.940913,-4.959583,-6.311552,-6.161725,-5.988178,-5.869852,-5.784659,-5.673433,-5.608754,-6.23485,-6.161602,-6.063164,-5.986573,-5.925964,-5.838329,-6.128499,-6.128499,-5.9858,-5.934677,-5.893092,-5.831238,-5.789695
707,CAF245,494050.8104,5180861.187,Palouse,Ap,0,20,20,1.3,4.42,1,1,-5.32884,-4.569388,-4.127895,-3.929344,-3.815336,-3.69439,-3.638303,-4.461479,-4.300786,-4.128686,-4.019095,-3.94378,-3.849615,-3.79667,-4.057166,-4.004627,-3.938598,-3.890797,-3.855273,-3.808016,-3.935428,-3.935428,-3.854641,-3.828625,-3.808816,-3.782223,-3.767263
713,CAF247,494114.6377,5180872.347,Palouse,Ap,0,24,24,1.47,4.67,1,1,7.723704,6.345546,5.584793,5.292267,5.152712,5.039087,5.004799,6.481302,6.241307,5.967511,5.78536,5.656813,5.490375,5.389858,5.788739,5.709621,5.605761,5.526829,5.465283,5.376549,5.585532,5.585532,5.453045,5.40643,5.368478,5.310865,5.26958
718,CAF249,493445.5787,5180889.931,Thatuna,Ap,0,18,18,1.39,4.12,1,1,-10.966826,-10.434655,-9.730751,-9.24322,-8.883646,-8.384177,-8.051522,-9.439203,-9.318605,-9.108981,-8.914585,-8.741192,-8.452007,-8.223719,-8.887989,-8.794184,-8.648438,-8.51658,-8.397805,-8.194145,-8.612125,-8.612125,-8.371803,-8.268572,-8.175078,-8.012896,-7.877631
725,CAF251,493509.3906,5180886.084,Staley,Ap,0,15,15,1.16,7.44,1,1,8.305485,7.738925,7.240004,6.912751,6.666748,6.305704,6.042121,7.669115,7.517247,7.295803,7.104396,6.93602,6.650758,6.415485,7.253642,7.153573,6.999385,6.859049,6.730637,6.503344,7.011274,7.011274,6.747147,6.630466,6.522348,6.327839,6.157138
731,CAF253,493573.2116,5180890.682,Staley,Ap,0,17,17,1.36,5.19,1,1,2.178316,1.603787,1.322325,1.283929,1.318207,1.439302,1.560155,2.239188,2.167229,2.097905,2.063773,2.048851,2.047461,2.062066,2.111507,2.105438,2.101675,2.103151,2.107792,2.12174,2.096749,2.096749,2.107413,2.115051,2.123266,2.139913,2.155509
736,CAF255,493637.0257,5180888.836,Palouse,Ap,0,17,17,1.37,4.92,1,1,-11.709414,-9.036462,-6.845481,-5.569616,-4.698541,-3.554655,-2.821427,-7.110654,-6.497814,-5.689745,-5.059646,-4.54997,-3.769002,-3.193884,-4.94255,-4.649085,-4.225036,-3.865123,-3.55513,-3.046992,-4.1259,-4.1259,-3.483622,-3.22311,-2.993088,-2.604776,-2.28904
742,CAF257,493700.8541,5180900.548,Palouse,Ap,0,24,24,1.32,4.52,1,1,-4.233028,-2.457356,-1.269039,-0.725948,-0.419682,-0.095744,0.064961,-2.851297,-2.36505,-1.804032,-1.421771,-1.144809,-0.77298,-0.538358,-1.523505,-1.342795,-1.103365,-0.918653,-0.77231,-0.556717,-1.066891,-1.066891,-0.750447,-0.636768,-0.54309,-0.398896,-0.294483
747,CAF259,493764.6632,5180893.925,Palouse,Ap,0,19,19,1.35,4.45,1,1,-5.745277,-4.391924,-3.307899,-2.709977,-2.31201,-1.793503,-1.458684,-4.21748,-3.770765,-3.231253,-2.839794,-2.53764,-2.094372,-1.779999,-2.923624,-2.725056,-2.451146,-2.228633,-2.043091,-1.749156,-2.408941,-2.408941,-2.01267,-1.859034,-1.726207,-1.507301,-1.333742
752,CAF261,493828.4629,5180878.08,Staley,Ap,0,28,28,1.29,4.98,1,1,10.35321,9.007703,8.187064,7.865553,7.716294,7.608129,7.591035,9.155661,8.90135,8.616044,8.430692,8.303355,8.145583,8.056915,8.459431,8.380173,8.278709,8.203999,8.147596,8.070159,8.260206,8.260206,8.137483,8.096546,8.06438,8.018121,7.98749
757,CAF263,493892.3055,5180904.017,Palouse,Ap,0,18,18,1.33,4.47,1,1,15.124,13.87739,13.047136,12.558608,12.198494,11.670872,11.287943,13.072629,12.793899,12.441421,12.168799,11.944403,11.585236,11.302393,12.028399,11.905584,11.723239,11.56276,11.4194,11.171971,11.665636,11.665636,11.374674,11.249728,11.135536,10.93351,10.759571
762,CAF265,493957.4741,5180890.263,Palouse,Ap,0,30,30,1.22,4.84,1,1,-9.926923,-8.99304,-9.277004,-9.630896,-9.914904,-10.32385,-10.604722,-12.393651,-11.771095,-11.322134,-11.15153,-11.08974,-11.088768,-11.142252,-11.673449,-11.539474,-11.413498,-11.353778,-11.32909,-11.330569,-11.498981,-11.498981,-11.390245,-11.37751,-11.377883,-11.399394,-11.433366
767,CAF267,494019.9263,5180892.999,Palouse,Ap,0,12,12,1.25,3.91,1,1,-6.91138,-6.123224,-5.912023,-5.835185,-5.787052,-5.72592,-5.688995,-6.881306,-6.681722,-6.484381,-6.362855,-6.277846,-6.162442,-6.084648,-6.341613,-6.295018,-6.232121,-6.181805,-6.140091,-6.073851,-6.209716,-6.209716,-6.124911,-6.091662,-6.062609,-6.013843,-5.974072
772,CAF269,494083.7533,5180904.159,Thatuna,Ap1,0,16,16,1.31,4.99,1,1,-13.691845,-11.570976,-9.858192,-8.927988,-8.332482,-7.602511,-7.163013,-10.697726,-10.191352,-9.553498,-9.075635,-8.699847,-8.139823,-7.737045,-9.009262,-8.785655,-8.469893,-8.207776,-7.985626,-7.627098,-8.396186,-8.396186,-7.931712,-7.746979,-7.585191,-7.313992,-7.094235
778,CAF271,494147.5581,5180892.762,Palouse,Ap1,0,14,14,1.41,4.35,1,1,8.683776,7.102805,6.146822,5.612218,5.22485,4.66014,4.247983,8.4958,7.892184,7.153011,6.60977,6.184169,5.542807,5.068365,7.016033,6.727401,6.319753,5.979916,5.689794,5.215022,6.353726,6.353726,5.727305,5.475466,5.252944,4.87477,4.56261
784,CAF273,493498.4511,5180934.767,Thatuna,Ap,0,24,24,1.34,4.64,1,1,7.172056,5.279743,4.558893,4.338373,4.240831,4.153108,4.107765,6.57454,5.981263,5.416288,5.086149,4.868373,4.59697,4.432536,5.224826,5.057883,4.853807,4.706964,4.595492,4.435832,4.848617,4.848617,4.591227,4.50375,4.432598,4.322802,4.240812
789,CAF275,493560.6597,5180928.897,Palouse,Ap,0,24,24,1.31,4.67,1,1,-1.018132,-2.208768,-2.965417,-3.337272,-3.560197,-3.807866,-3.933212,-2.664226,-2.914159,-3.176548,-3.344709,-3.462717,-3.616671,-3.710162,-3.317372,-3.396751,-3.497269,-3.57191,-3.629217,-3.709976,-3.509718,-3.509718,-3.635072,-3.677757,-3.711748,-3.761175,-3.793621
794,CAF277,493626.0766,5180929.408,Staley,Ap,0,16,16,1.36,4.34,1,1,13.354021,12.799654,12.233912,11.847892,11.560796,11.158336,10.88853,11.708085,11.587575,11.417137,11.272815,11.148487,10.945128,10.785979,11.180222,11.113945,11.013949,10.925294,10.846243,10.711488,10.981563,10.981563,10.825752,10.758182,10.697024,10.590784,10.501741
799,CAF279,493690.9522,5180926.713,Palouse,Ap,0,25,25,1.27,5.03,1,1,-9.657232,-7.80997,-6.402782,-5.673877,-5.227065,-4.716895,-4.446184,-8.773141,-8.202418,-7.480633,-6.947874,-6.539683,-5.959885,-5.573482,-7.267889,-7.002102,-6.632939,-6.334483,-6.089236,-5.712989,-6.649084,-6.649084,-6.114638,-5.912469,-5.741572,-5.470436,-5.267396
804,CAF281,493754.8875,5180909.472,Staley,Ap,0,21,21,1.4,4.62,1,1,-6.175706,-2.81587,-0.805718,0.156231,0.749551,1.46963,1.903877,-2.94686,-2.121244,-1.18091,-0.530842,-0.045583,0.641562,1.111338,-0.389296,-0.107732,0.280221,0.593381,0.852633,1.259008,0.386928,0.386928,0.927857,1.136824,1.316656,1.610888,1.841886
809,CAF283,493817.5199,5180925.874,Palouse,Ap,0,24,24,1.41,4.82,1,1,-15.918311,-13.608075,-12.398117,-11.796965,-11.383192,-10.792511,-10.361514,-11.544373,-11.181161,-10.768114,-10.472634,-10.241302,-9.886516,-9.615078,-10.270004,-10.106242,-9.906361,-9.744759,-9.606079,-9.373861,-9.895466,-9.895466,-9.516868,-9.395995,-9.289382,-9.105267,-8.948929
814,CAF285,493881.3489,5180939.032,Palouse,Ap,0,24,24,1.31,4.63,1,1,-5.144487,-3.321153,-2.053949,-1.40464,-0.985758,-0.450174,-0.106999,-3.478229,-3.006443,-2.414161,-1.972479,-1.626794,-1.114331,-0.747725,-1.977231,-1.763793,-1.468029,-1.223733,-1.017156,-0.684853,-1.408223,-1.408223,-0.958022,-0.786134,-0.636356,-0.386832,-0.186479
819,CAF287,493945.1571,5180931.744,Palouse,Ap,0,28,28,1.29,4.81,1,1,13.703478,12.097519,11.384168,11.149256,11.044124,10.946682,10.888745,14.410582,13.618552,12.872497,12.436899,12.146282,11.773214,11.534683,12.842691,12.581246,12.262663,12.032421,11.855751,11.596839,12.288462,12.288462,11.868451,11.723566,11.603927,11.41456,11.267796
824,CAF289,494008.9652,5180924.235,Palouse,Ap,0,20,20,1.26,4.6,1,1,9.807142,7.780036,6.793079,6.405602,6.202215,6.005681,5.924801,8.21225,7.821154,7.377489,7.088887,6.888629,6.633653,6.482587,7.128729,7.030703,6.883926,6.768239,6.676892,6.544194,6.84089,6.84089,6.700551,6.633194,6.576887,6.489796,6.426662
830,CAF291,494072.7745,5180917.726,Palouse,Ap1,0,15,15,1.43,4.64,1,1,-0.104135,-1.002306,-1.204606,-1.125022,-0.999307,-0.75826,-0.56532,-0.129537,-0.285812,-0.416975,-0.465583,-0.473916,-0.438834,-0.380578,-0.407945,-0.411845,-0.405911,-0.388713,-0.365365,-0.311602,-0.406553,-0.406553,-0.347031,-0.31899,-0.290775,-0.236355,-0.186737
836,CAF293,494136.5834,5180910.774,Palouse,Ap,0,11,11,1.38,4.5,1,1,-13.624783,-13.341303,-12.807821,-12.315859,-11.910382,-11.309555,-10.896311,-13.339775,-12.902362,-12.436863,-12.108828,-11.84992,-11.451329,-11.152089,-12.083656,-11.917961,-11.687763,-11.496578,-11.332968,-11.064613,-11.633034,-11.633034,-11.290557,-11.152603,-11.030736,-10.824637,-10.656896
841,CAF298,493502.6076,5180966.544,Palouse,Ap,0,25,25,1.37,4.69,1,1,-10.956844,-9.26648,-8.175594,-7.645385,-7.318031,-6.913794,-6.656937,-9.082887,-8.680407,-8.186458,-7.828198,-7.553982,-7.157513,-6.880766,-7.737476,-7.574006,-7.347116,-7.16203,-7.00752,-6.762785,-7.258647,-7.258647,-6.931385,-6.805769,-6.69721,-6.518219,-6.375945
846,CAF300,493566.4152,5180959.474,Thatuna,Ap,0,14,14,1.4,4.44,1,1,3.921192,3.778155,3.655158,3.608167,3.587584,3.571785,3.564312,3.647621,3.712358,3.752782,3.763655,3.762334,3.745092,3.720841,3.824843,3.842209,3.842117,3.832463,3.81926,3.788817,3.841222,3.841222,3.863176,3.848734,3.83235,3.797892,3.763397
851,CAF302,493631.4319,5180959.585,Palouse,Ap,0,15,15,1.35,4.72,1,1,0.143911,0.090536,-0.497776,-0.983014,-1.348534,-1.848251,-2.170323,-0.590374,-0.723389,-0.942207,-1.14256,-1.320833,-1.617285,-1.849997,-1.174033,-1.278291,-1.435606,-1.574699,-1.698114,-1.906548,-1.475301,-1.475301,-1.729421,-1.835975,-1.931456,-2.095115,-2.229929
857,CAF304,493694.0464,5180960.006,Palouse,Ap,0,22,22,1.4,4.63,1,1,-3.835725,-3.090653,-2.739788,-2.59611,-2.518178,-2.440067,-2.405467,-3.500003,-3.277014,-3.067065,-2.942828,-2.859132,-2.751956,-2.685636,-3.031028,-2.961326,-2.875952,-2.814064,-2.766767,-2.698816,-2.88126,-2.88126,-2.768342,-2.730024,-2.698973,-2.651625,-2.617192
862,CAF306,493757.8431,5180942.048,Palouse,Ap,0,18,18,1.24,4.87,1,1,-6.786138,-5.925426,-5.545166,-5.353475,-5.202576,-4.949644,-4.7394,-7.628153,-6.775634,-6.039916,-5.629423,-5.356767,-4.997779,-4.756413,-6.164928,-5.852491,-5.48917,-5.235621,-5.044338,-4.766115,-5.552227,-5.552227,-5.062338,-4.899635,-4.766817,-4.558436,-4.398023
867,CAF308,493821.6746,5180957.65,Palouse,Ap,0,15,15,1.2,4.5,1,1,-0.284714,-1.147248,-1.697044,-1.967039,-2.13258,-2.329107,-2.444358,-1.060521,-1.227639,-1.438619,-1.597408,-1.722893,-1.910996,-2.046967,-1.602746,-1.676082,-1.78021,-1.867313,-1.941593,-2.062225,-1.804184,-1.804184,-1.959289,-2.021189,-2.075539,-2.166836,-2.240849
872,CAF310,493885.5034,5180970.809,Thatuna,Ap,0,22,22,1.3,4.73,1,1,4.827972,4.84933,5.045805,5.176074,5.252095,5.314066,5.317758,4.826274,4.831421,4.872599,4.915382,4.950539,4.996922,5.019185,4.832104,4.862754,4.903241,4.933159,4.954909,4.980694,4.885096,4.885096,4.942962,4.959995,4.971595,4.983049,4.983856
877,CAF312,493946.5799,5180965.797,Palouse,Ap,0,22,22,1.25,4.52,1,1,9.64862,9.143799,8.768968,8.590298,8.490628,8.391173,8.347623,9.826667,9.648491,9.425924,9.263271,9.139308,8.963497,8.845586,9.50575,9.414044,9.287106,9.184647,9.100362,8.97028,9.334071,9.334071,9.142424,9.069686,9.007886,8.908749,8.832958
882,CAF314,494013.119,5180956.012,Thatuna,Ap,0,20,20,1.44,4.59,1,1,-2.940486,-2.649226,-2.261434,-1.979118,-1.7748,-1.509046,-1.351517,-2.014387,-1.940623,-1.825826,-1.726843,-1.64308,-1.512857,-1.419631,-1.672011,-1.629091,-1.564238,-1.508107,-1.459882,-1.38303,-1.544053,-1.544053,-1.446294,-1.406989,-1.37314,-1.318887,-1.278625
887,CAF316,494076.9279,5180949.503,Thatuna,Ap,0,24,24,1.43,5.02,1,1,-3.933937,-2.428268,-1.299015,-0.716496,-0.360933,0.041855,0.253468,-2.927044,-2.317063,-1.683967,-1.272915,-0.9788,-0.583485,-0.331614,-1.520053,-1.285419,-0.990936,-0.772482,-0.603023,-0.357116,-0.999889,-0.999889,-0.602104,-0.465317,-0.354237,-0.185469,-0.064525
893,CAF324,493530.6382,5180981.404,Palouse,Ap,0,11,11,1.31,4.3,1,1,-7.884103,-6.921875,-6.08686,-5.561145,-5.17738,-4.63112,-4.246678,-8.667366,-8.144127,-7.46541,-6.943505,-6.52428,-5.882508,-5.405843,-7.883352,-7.570583,-7.124054,-6.748981,-6.427891,-5.903201,-7.36048,-7.36048,-6.64049,-6.350974,-6.095857,-5.664951,-5.312894
898,CAF326,493594.4582,5180986.002,Palouse,Ap1,0,16,16,1.28,4.79,1,1,5.849103,5.891508,5.723734,5.532552,5.360994,5.076671,4.849144,5.041427,4.998309,4.932873,4.865037,4.795772,4.659473,4.531184,4.806692,4.76412,4.696173,4.63088,4.567973,4.449164,4.677724,4.677724,4.549488,4.489523,4.431994,4.323753,4.223844
904,CAF328,493658.2713,5180984.157,Palouse,Ap,0,19,19,1.24,4.83,1,1,-0.931195,-1.885419,-2.539843,-2.899611,-3.141289,-3.456716,-3.659517,-1.584043,-1.823109,-2.146504,-2.399064,-2.602365,-2.91188,-3.138684,-2.471668,-2.57198,-2.724932,-2.859389,-2.977395,-3.173825,-2.783232,-2.783232,-3.013595,-3.111021,-3.198333,-3.347937,-3.471334
909,CAF330,493722.0986,5180995.869,Palouse,Ap1,0,15,15,1.31,4.79,1,1,3.937148,3.147774,3.356596,3.617996,3.811207,4.058617,4.207773,7.081197,6.117384,5.376584,5.042057,4.869227,4.717301,4.665909,6.055991,5.742251,5.413749,5.216715,5.090463,4.947173,5.633833,5.633833,5.228502,5.121521,5.046561,4.952979,4.901305
915,CAF332,493785.9066,5180989.246,Palouse,Ap1,0,10,10,1.29,4.36,1,1,-1.4303,-1.138673,-1.11105,-1.179846,-1.262306,-1.41925,-1.556143,-1.316807,-1.321889,-1.356641,-1.403388,-1.453794,-1.554985,-1.651196,-1.398732,-1.429261,-1.480136,-1.530321,-1.57921,-1.672223,-1.492397,-1.492397,-1.591093,-1.637735,-1.68272,-1.767871,-1.847039
921,CAF334,493849.7054,5180973.401,Palouse,Ap,0,23,23,1.2,4.73,1,1,-3.41961,-4.762105,-5.912411,-6.560036,-6.98555,-7.521426,-7.852314,-5.864153,-6.155953,-6.525337,-6.809002,-7.037377,-7.386529,-7.643567,-6.888404,-7.021651,-7.210766,-7.369481,-7.505509,-7.728064,-7.255893,-7.255893,-7.538978,-7.65294,-7.75347,-7.923394,-8.062146
927,CAF336,493913.5469,5180999.338,Palouse,Ap,0,23,23,1.3,4.64,1,1,2.849923,3.340233,2.954139,2.577285,2.291823,1.907994,1.668603,0.821492,1.172721,1.384191,1.439844,1.442584,1.400132,1.346142,1.33624,1.372574,1.391494,1.386249,1.370897,1.331047,1.401152,1.401152,1.381701,1.362467,1.342013,1.302417,1.267452
932,CAF338,493977.9553,5180985.889,Thatuna,Ap,0,16,16,1.19,4.21,1,1,-11.310795,-8.883961,-7.619937,-7.03329,-6.655694,-6.153869,-5.810739,-8.921093,-8.448659,-7.869742,-7.444894,-7.113119,-6.616226,-6.251891,-7.444227,-7.246994,-6.966368,-6.730781,-6.52864,-6.196191,-6.901185,-6.901185,-6.48147,-6.311087,-6.159854,-5.901528,-5.687206
938,CAF349,493572.819,5181023.029,Palouse,Ap,0,13,13,1.24,4.58,1,1,-0.885207,-0.173928,0.256634,0.506137,0.693493,0.979151,1.19853,0.392838,0.546706,0.743029,0.896945,1.025472,1.23554,1.405656,0.961018,1.038341,1.152495,1.252786,1.342591,1.49887,1.18256,1.18256,1.368034,1.447839,1.521136,1.652153,1.766905
944,CAF351,493636.6355,5181024.739,Staley,Ap,0,13,13,1.27,4.26,1,1,0.285198,0.378923,0.124284,-0.054574,-0.162275,-0.256074,-0.268412,0.076536,0.091145,0.089728,0.081971,0.07658,0.078418,0.09465,0.089557,0.089079,0.090859,0.095937,0.103996,0.127222,0.093989,0.093989,0.108664,0.119905,0.133098,0.163804,0.198349
949,CAF353,493700.4489,5181023.561,Palouse,Ap,0,24,24,1.34,4.77,1,1,13.875,11.626313,10.459722,9.989102,9.73413,9.463129,9.319602,11.730552,11.374959,10.953447,10.65825,10.438504,10.130877,9.924094,10.63461,10.507967,10.333769,10.193495,10.077831,9.897678,10.293445,10.293445,10.051038,9.958206,9.87865,9.749127,9.647905
954,CAF355,493764.2449,5181005.603,Palouse,Ap,0,14,14,1.23,4.41,1,1,6.713393,5.390837,4.969641,4.881275,4.867363,4.899258,4.950884,5.854067,5.665979,5.481865,5.381188,5.323706,5.27306,5.263068,5.408434,5.373013,5.333892,5.3113,5.29936,5.294597,5.328559,5.328559,5.299555,5.296209,5.297287,5.307888,5.325044
959,CAF357,493828.0757,5181021.206,Palouse,Ap,0,23,23,1.25,4.79,1,1,0.803331,0.372599,0.175968,0.148331,0.174663,0.276038,0.390169,0.517401,0.482834,0.45755,0.457076,0.471296,0.523225,0.589498,0.484673,0.492351,0.511793,0.537038,0.566051,0.630305,0.521331,0.521331,0.576306,0.607648,0.640299,0.707326,0.774453
965,CAF359,493891.9038,5181034.364,Palouse,Ap,0,26,26,1.34,4.65,1,1,-1.363999,-2.040187,-2.368197,-2.49723,-2.554918,-2.578876,-2.550308,-1.923516,-2.058204,-2.183936,-2.249008,-2.28263,-2.30101,-2.286285,-2.240898,-2.261421,-2.279676,-2.284752,-2.28125,-2.258497,-2.279821,-2.279821,-2.277308,-2.266772,-2.252483,-2.216631,-2.175098
970,CAF371,493570.4942,5181049.809,Latah,Ap,0,23,23,1.27,4.2,1,1,-14.247354,-11.584676,-9.630642,-8.611616,-7.969362,-7.192279,-6.733056,-10.934216,-10.320344,-9.54943,-8.978874,-8.536733,-7.892006,-7.441612,-8.85633,-8.602181,-8.244946,-7.950947,-7.704375,-7.313075,-8.15436,-8.15436,-7.640916,-7.439978,-7.265945,-6.979069,-6.751839
976,CAF373,493635.3715,5181056.522,Thatuna,Ap,0,12,12,1.32,4.3,1,1,-6.236351,-3.90601,-2.671798,-2.137417,-1.830462,-1.4836,-1.287338,-3.220746,-2.803526,-2.344882,-2.042622,-1.82656,-1.53561,-1.346338,-1.940316,-1.817107,-1.652722,-1.524141,-1.420329,-1.261804,-1.611275,-1.611275,-1.392581,-1.310894,-1.241536,-1.129308,-1.041427
982,CAF375,493700.3841,5181054.144,Palouse,Ap,0,12.5,12.5,1.31,4.4,1,1,-1.01332,-0.894762,-0.808426,-0.721986,-0.641186,-0.500665,-0.382807,-0.670545,-0.633626,-0.57878,-0.527865,-0.479302,-0.387732,-0.302776,-0.502765,-0.478262,-0.437223,-0.396498,-0.356449,-0.279057,-0.427322,-0.427322,-0.348748,-0.310428,-0.272961,-0.20079,-0.132349
988,CAF377,493767.3783,5181033.528,Palouse,Ap,0,21,21,1.28,4.51,1,1,-1.134066,-0.311985,0.026693,0.164719,0.249717,0.361345,0.439382,-0.233458,-0.035941,0.158269,0.275835,0.356933,0.466756,0.54295,0.308887,0.363452,0.433248,0.486612,0.529836,0.598276,0.444914,0.444914,0.539639,0.575613,0.607077,0.661018,0.707227
994,CAF379,493826.8108,5181052.988,Palouse,Ap,0,15,15,1.32,4.74,1,1,8.02434,4.727571,2.687883,1.703935,1.103365,0.390003,-0.028433,3.902743,3.189432,2.375485,1.813259,1.39499,0.80655,0.408072,1.667472,1.423044,1.090645,0.824905,0.606516,0.267136,1.008606,1.008606,0.549487,0.374636,0.225081,-0.017811,-0.206919
999,CAF381,493890.6385,5181066.146,Thatuna,Ap,0,19,19,1.41,4.33,1,1,8.132061,7.517333,7.29139,7.133351,6.993177,6.756812,6.569069,8.093305,7.811409,7.501584,7.287647,7.12376,6.87856,6.697207,7.318988,7.211977,7.063268,6.940487,6.836076,6.665705,7.041491,7.041491,6.819943,6.731297,6.65314,6.520914,6.412817
1006,CAF395,493626.398,5181088.312,Caldwell,Ap1,0,11,11,1.38,3.96,1,1,4.28273,3.325986,2.830228,2.618231,2.490475,2.329566,2.225211,3.174871,3.024563,2.850795,2.729958,2.639232,2.509018,2.418079,2.687737,2.638445,2.57013,2.514299,2.467478,2.392833,2.555633,2.555633,2.458592,2.420474,2.387347,2.332609,2.289454
1012,CAF397,493690.2107,5181087.133,Palouse,Ap,0,9,9,1.35,,1,1,8.939961,7.321459,6.302026,5.812784,5.514063,5.156547,4.944173,6.908888,6.573316,6.175428,5.894772,5.68414,5.386457,5.184788,5.829684,5.709487,5.543736,5.409914,5.299403,5.12733,5.50112,5.50112,5.270789,5.1825,5.106933,4.984451,4.889714
1019,CAF399,493754.006,5181069.176,Thatuna,Ap,0,18,18,1.38,4.67,1,1,-3.170915,-2.119505,-1.525401,-1.276062,-1.145633,-1.023049,-0.972093,-2.255784,-2.034155,-1.777645,-1.603398,-1.477924,-1.310857,-1.205785,-1.724772,-1.64159,-1.529909,-1.442602,-1.372617,-1.26755,-1.546203,-1.546203,-1.39087,-1.333652,-1.285654,-1.209433,-1.151156
1024,CAF401,493817.8362,5181084.778,Thatuna,Ap,0,12,12,1.42,4.4,1,1,4.477084,4.093997,4.158587,4.301048,4.430375,4.630233,4.772735,4.605405,4.595923,4.616157,4.653851,4.696882,4.783006,4.861523,4.682755,4.705335,4.744932,4.784614,4.823097,4.894711,4.757985,4.757985,4.834412,4.870379,4.904516,4.96737,5.023639
1030,CAF419,493648.3558,5181104.302,Thatuna,Ap,0,11,11,1.27,4.15,1,1,-4.339826,-3.375859,-2.646899,-2.199253,-1.877113,-1.43191,-1.133242,-3.071275,-2.8512,-2.551237,-2.30711,-2.101945,-1.772573,-1.517094,-2.320173,-2.200342,-2.022431,-1.866758,-1.729032,-1.49542,-1.985546,-1.985546,-1.701702,-1.582208,-1.474435,-1.287277,-1.129722
1038,CAF421,493712.7748,5181114.814,Latah,Ap,0,10,10,1.39,,1,1,4.467903,4.231576,3.957363,3.774867,3.633058,3.416137,3.254421,3.908568,3.839143,3.731629,3.635928,3.551028,3.407693,3.291583,3.634132,3.579822,3.499458,3.428904,3.366107,3.258693,3.485543,3.485543,3.353818,3.298386,3.248327,3.161324,3.088271
1044,CAF423,493780.1935,5181114.779,Latah,Ap,0,10,10,1.55,4.51,1,1,-2.503328,-3.357229,-3.82356,-4.064011,-4.224792,-4.435194,-4.569522,-3.632076,-3.802875,-3.997722,-4.132378,-4.233266,-4.377752,-4.478318,-4.152202,-4.212409,-4.295099,-4.361999,-4.417606,-4.505289,-4.313342,-4.313342,-4.430425,-4.475714,-4.514767,-4.578746,-4.628844
1051,CAF425,493841.5918,5181100.533,Caldwell,Ap,0,16,16,1.44,4.69,1,1,1.586327,0.851557,0.422071,0.192864,0.039011,-0.16101,-0.286849,0.820423,0.558978,0.306231,0.149457,0.038586,-0.112575,-0.213161,0.179065,0.09988,-0.000185,-0.075689,-0.135613,-0.225988,-0.015169,-0.015169,-0.146227,-0.193569,-0.233271,-0.296438,-0.344533
